last_name, first_name,player_id,year,slg_percent,on_base_percent,exit_velocity_avg,launch_angle_avg,sweet_spot_percent,barrel_batted_rate,solidcontact_percent,flareburner_percent,poorlyunder_percent,poorlytopped_percent,poorlyweak_percent,hard_hit_percent,avg_best_speed,z_swing_percent,z_swing_miss_percent,oz_swing_percent,oz_swing_miss_percent,oz_contact_percent,out_zone_percent,meatball_swing_percent,meatball_percent,iz_contact_percent,in_zone_percent,edge_percent,whiff_percent,swing_percent,pull_percent,straightaway_percent,opposite_percent,f_strike_percent,groundballs_percent,flyballs_percent,linedrives_percent,popups_percent,n_bolts,hp_to_1b,sprint_speed
Pujols, Albert,405395,2022,0.550,0.345,91.2,16.4,34.5,12,7,22.5,26.7,29.1,2.7,47.3,102.064436899,63.5,12,34.9,36,64,53.4,71.7,6.6,88,46.6,42.9,21.3,48.2,52.3,30.2,17.4,60.6,38,29.5,20.5,12,,5.08,22.6
Cabrera, Miguel,408234,2022,0.317,0.305,89.9,5,35.2,4.7,3.7,28.9,18.3,41.9,2,38.2,99.360961867,71,19.4,31.6,42.3,57.7,52.7,81,7.1,80.6,47.3,43.7,27,50.2,31.6,39.9,28.6,61.9,52.5,19.6,25.9,2,,5.13,23.1
Molina, Yadier,425877,2022,0.302,0.233,84.7,16.9,34.1,3.1,4.9,27.4,31.8,30,2.7,26,95.0195225,75.2,18.5,41.3,28.6,71.4,48.9,74.6,7.2,81,51.1,45.5,22,58.6,36.3,38.6,25.1,70,39,29.6,20.2,11.2,,5.07,21.8
Suzuki, Kurt,435559,2022,0.295,0.264,85.2,24.1,31,3.5,7.1,20.4,39.8,23.9,5.3,26.5,95.157941429,68,12.6,27.2,43,57,48.9,76.2,10.6,87.4,51.1,42,21.1,48.1,45.1,38.9,15.9,61.6,30.1,30.1,21.2,18.6,,5.01,24.2
Cruz Jr., Nelson,443558,2022,0.337,0.312,90.9,7.2,28,9.3,4.5,25.6,17.2,39.8,2.4,46.1,102.29838061,72.5,23.3,31,50.6,49.4,52.2,81,6.1,76.7,47.8,44.4,32,50.8,32.8,37.3,29.8,61.5,53,19.3,22.9,4.8,,4.81,25.5
Peralta, David,444482,2022,0.415,0.316,90.3,15.1,35,8.5,9.1,26.9,25.7,28.1,1.8,44.4,101.233296566,69,14.3,33.1,49.5,50.2,51.7,70.5,7,85.7,48.3,44.4,26.2,50.4,38.1,39.6,22.4,61,36.3,28.4,26.3,9.1,,4.44,27.6
Longoria, Evan,446334,2022,0.451,0.315,91.1,18.2,33.3,12.4,10.2,23.1,25.8,25.3,3.2,46.8,101.592486559,62.8,22.5,26,46.1,53.9,50,74.1,7.2,77.5,50,44,29.4,44.4,43,32.8,24.2,58.9,37.1,29,24.2,9.7,,4.71,25.3
Blackmon, Charlie,453568,2022,0.419,0.312,86.2,12.4,36.7,4.4,4,27.1,25.2,32.2,6.5,30.6,97.426435333,70,16.6,32.1,32.6,67.1,48.7,82.7,7.8,83.3,51.3,43.9,21.4,51.5,43,36,21,59.7,44.4,23.8,25.7,6.1,1,4.36,27.9
Maldonado, Martin,455117,2022,0.352,0.245,88.4,14.7,31.6,8.1,6,21.4,29.1,29.9,5.1,40.2,98.987733509,69.1,20.3,31,58.8,41.2,50,78.5,7.1,79.7,50,42.1,32.2,49.9,41.9,35,23.1,66.5,43.6,29.5,20.9,6,,5.07,22.4
Chirinos, Robinson,455139,2022,0.287,0.264,84.8,17.6,30.8,6.9,5.4,16.9,32.3,31.5,6.9,33.1,97.472003281,72,21.9,31.1,56.7,42.6,53.1,78.6,4.9,77.1,46.9,42.9,33.3,50.3,49.2,35.4,15.4,63.2,40.8,25.4,20.8,13.1,,5.11,23.7
Cain, Lorenzo,456715,2022,0.234,0.231,87.9,3.8,21.8,0,8.2,19.1,19.1,48.2,5.5,36.4,99.010785455,73.7,17.4,32.2,45,55,49.9,80.5,6.6,82.6,50.1,42.7,25.8,53,34.5,41.8,23.6,66,59.1,15.5,20,5.5,2,4.4,28.3
Solano, Donovan,456781,2022,0.385,0.339,88.3,10.7,36.1,5.9,6.8,31.1,19.2,31.1,4.6,41.2,98.956029815,66.5,12,32.2,40.5,59.5,48.9,78.7,7.6,88,51.1,41.8,20.9,49.5,34.2,38.4,27.4,63.7,45.2,23.3,27.4,4.1,,4.62,25.8
McCutchen, Andrew,457705,2022,0.384,0.316,89.1,13.2,36.2,8.6,5.8,24.1,26.3,31.9,3,40,99.92693269,68.5,16.8,20.7,49.2,50.8,49.4,81.3,8.2,83.2,50.6,44.5,24.2,44.9,43.3,37,19.7,57.4,41.8,28.1,24.1,6.1,15,4.38,28.9
Turner, Justin,457759,2022,0.438,0.350,89.5,18.4,40.6,8,6.2,27.1,33.1,22.7,2.6,40.6,99.002545648,70.4,16.1,26.6,31.1,68.9,50.7,79.4,7.9,83.9,49.3,43.6,20.3,48.2,34.6,35.7,29.7,57.8,32.8,33.3,27.9,5.9,,4.87,25.0
Votto, Joey,458015,2022,0.370,0.319,89.7,14.2,32.9,11.1,3.1,24.9,26.2,30.7,3.1,41.3,100.424827857,70.8,23.1,22.9,49.4,50.6,50.5,84.3,7.7,76.9,49.5,42.5,29.6,46.5,37.8,39.1,23.1,57.7,44.9,31.1,20,4,,4.75,25.3
Andrus, Elvis,462101,2022,0.404,0.303,87.9,11.9,29.1,4.5,3.6,26.9,26,33.6,5,34.8,98.336003699,62.4,14.2,29.4,36.2,63.8,50.9,66.3,8.4,85.5,49.1,41.6,21.4,45.6,37.5,38.6,23.9,61.2,46.5,22.1,22.8,8.6,,4.6,26.0
Santana, Carlos,467793,2022,0.376,0.316,90.7,15.4,31.6,9.3,7.2,23.8,28.7,28.7,2.3,44.9,100.993708488,63.8,16.9,21.7,34.2,65.8,50.2,78.2,7.6,82.9,49.8,43,21.3,42.6,47,34.2,18.8,57.6,39.1,28.4,22.6,9.9,,4.68,25.7
Belt, Brandon,474832,2022,0.350,0.326,88.4,23.4,38.5,12.6,6.3,20.1,35.1,17.8,8,38.5,99.264489048,75.5,24.2,21.2,58.6,39.8,52.4,89.9,6.6,75.3,47.6,41.7,32.4,47.1,36.8,33.9,29.3,58.9,29.3,37.9,22.4,10.3,,4.8,24.3
Lowrie, Jed,476704,2022,0.263,0.245,86.2,16.3,26.9,3.1,3.8,22.3,36.2,30.8,3.8,30.8,96.195900923,72.9,19.2,23.6,43.8,56.2,51.9,84.3,7,80.8,48.1,42.9,25.6,47.3,45.4,32.3,22.3,54.3,41.5,29.2,21.5,7.7,,4.92,25.0
Brantley Jr., Michael,488726,2022,0.416,0.368,89.8,10.7,39.5,6,6.5,32.1,20.9,30.2,2.8,45.1,99.739801321,62.4,8.9,21.7,23.2,76.8,51.4,59.3,8.1,91.1,48.6,42.6,12.7,41.5,37.2,41.9,20.9,60.1,44.2,22.8,30.7,2.3,,4.72,25.2
Gurriel, Yuli,493329,2022,0.360,0.288,88.2,14.6,30.3,1.9,4.4,25.9,32.8,32,2.3,35.6,98.291200127,63.1,8.2,34.9,24.7,75.3,51.7,75,6.6,91.8,48.3,46.6,14.3,48.5,29.5,39.4,31.2,64,41.7,24.6,23.8,9.9,,4.45,26.8
Rojas, Miguel,500743,2022,0.323,0.282,86.1,10.1,33.1,1.9,5.6,28.3,23.9,36.5,3.6,27.1,96.249960631,66.2,6.5,30.4,34.4,65.2,51.2,72.4,8,92.8,48.8,44.3,15.5,47.9,32.4,36.5,31.2,62.7,47.1,19.6,26.8,6.5,,4.61,26.4
Escobar, Eduardo,500871,2022,0.430,0.295,88.3,20.6,38.7,9.4,8.9,23.7,33.3,21,3.5,37.6,99.290072903,73.6,20.8,33.9,40.7,59.3,53.4,76.7,6.2,79.2,46.6,41.8,27.7,52.4,40.6,37.9,21.5,63.9,30.9,32.8,26.9,9.4,,4.29,27.9
Pham, Tommy,502054,2022,0.374,0.312,92.2,7.7,33.2,7.9,8.2,23.5,21.7,36,2.3,48.5,102.514437436,60.8,17,21.6,53.1,46.5,48,74,8,82.8,52,43.2,26,42,34.2,39.8,26,62.5,48.2,22.4,24.7,4.6,1,4.54,27.9
Martinez, J.D.,502110,2022,0.448,0.341,89.1,14.1,42,12.5,8.9,23.2,24.2,27.5,3.6,41.7,100.92394699,74.9,21,31.9,48.6,51.4,53.4,90.9,6.4,79,46.6,41.6,30.1,51.9,31.6,38.9,29.5,63,38.2,30.8,26.7,4.3,,4.68,26.1
Goldschmidt, Paul,502671,2022,0.578,0.402,90.8,15.7,31.8,11.6,9.9,23.8,24.1,26.9,3.3,47.4,102.244608246,59.7,21.6,25.1,38.2,61.5,52,66.5,6.7,78.4,48,43.3,26.8,41.7,36.3,36.3,27.4,60,40.8,28.8,22.9,7.5,,4.61,26.2
Gonzalez, Marwin,503556,2022,0.321,0.251,88,19.4,34.1,5.9,5.9,25.2,29.6,25.9,6.7,37.3,98.901115758,63.1,13.9,37.6,37.7,59.7,51.5,75.7,9,85.7,48.5,44.2,23.1,50,47.4,28.9,23.7,60.4,37.8,24.4,24.4,13.3,,4.55,26.3
Altuve, Jose,514888,2022,0.533,0.387,85.9,16.1,35.4,7.7,6.6,22.2,25.6,29.7,7.5,29.7,97.300246419,64,10.7,28.7,26,72.6,55.8,66.8,8,88.4,44.2,39.2,16.2,44.3,46.9,36.3,16.8,62.1,41,25.6,23.6,9.8,36,4.24,28.0
Hernandez, Cesar,514917,2022,0.318,0.310,84.8,9.3,33.3,2.4,4.9,26.6,23.9,33.5,8,29.7,96.449267051,68.7,13.5,25.8,39.4,57.9,49.4,78.4,7.1,84.9,50.6,45.1,20.4,47.5,32.8,35.5,31.7,64.7,48.6,19.3,26.4,5.8,19,4.26,28.3
Segura, Jean,516416,2022,0.387,0.336,87.6,4.3,28.3,4.4,4,23.9,17.5,45.1,4,38.4,99.507672313,64.4,11.4,34.7,30.5,69.1,52.5,67,7.3,88.4,47.5,40.5,18.5,48.8,25.6,45.8,28.6,62.3,56.2,15.8,20.9,7.1,3,4.31,27.7
Marte, Starling,516782,2022,0.468,0.347,86.8,7.5,38.5,6.8,7,25.7,17.1,38.8,4.6,33.9,99.153544837,67.5,16.4,32.8,39.3,59.5,50.9,79.5,6.6,82.7,49.1,44.8,24,49.8,38.8,37.1,24.1,62.8,50.1,20.1,26,3.8,13,4.28,28.0
d'Arnaud, Travis,518595,2022,0.472,0.319,88.5,11.8,35,8.5,6.2,22.5,24.8,32.4,4.6,38.9,99.567378882,70.1,20.5,35.6,39.5,60.5,50.1,72.7,8.5,79.5,49.9,44.1,26.9,52.8,38.9,35.6,25.5,65.7,45.4,25.2,22.9,6.5,,4.69,26.1
Donaldson, Josh,518626,2022,0.374,0.308,90.7,12,34.8,9.8,6.3,21.4,26.5,33,2.7,43.3,100.977600417,66.5,27.5,29.4,45.5,54.2,51.7,78.1,6.3,72.5,48.3,43.9,33.2,47.3,42.3,39.9,17.9,63.9,43.5,25.9,24.1,6.5,,4.58,25.7
Freeman, Freddie,518692,2022,0.511,0.407,91.3,13.6,42.9,9.9,8.5,30.4,21.7,27.5,1.5,47.8,100.761588016,74,14.1,27.1,32.5,67.5,52.8,88.7,6.8,85.9,47.2,43.4,19.5,49.3,34.6,35,30.4,59.8,38.9,28.4,29.8,2.9,,4.48,26.9
Grandal, Yasmani,518735,2022,0.269,0.301,90,12.1,30,4.8,6.4,24.4,26,36,2.4,40,99.46926856,58.7,14.7,20.7,41.4,58.6,49.8,65.6,7.9,85.3,50.2,40.2,21.6,39.7,35.2,34.4,30.4,55.3,43.6,22,27.2,7.2,,5.26,22.0
Heyward, Jason,518792,2022,0.277,0.278,87.6,13.1,26.7,4.8,3.8,21.9,27.6,38.1,3.8,38.1,99.795272642,66.5,22.7,30.9,37.9,62.1,50.9,59.5,7.6,76.2,49.1,41.5,27.8,48.4,51.4,31.4,17.1,60.3,45.7,21,21,12.4,,4.43,27.0
LeMahieu, DJ,518934,2022,0.377,0.357,89.2,3,32.8,5.3,6.8,25.8,16.3,42.4,3.3,41.1,99.499628485,54,10.7,24.4,26.6,73.4,49.3,61.3,7.8,89.1,50.7,42.6,15.7,39.5,24.8,37.8,37.3,63.6,54.6,17,25.6,2.8,,4.7,26.4
Moustakas, Mike,519058,2022,0.345,0.295,87.6,19.4,36.1,6.1,5.6,22.8,36.7,25.6,3.3,33.9,98.852222556,74.2,19.2,37.4,45.9,53.6,54.2,82.4,5.9,80.8,45.8,46.1,29.2,54.3,38.3,38.9,22.8,56.8,35,25.6,23.3,16.1,,4.77,25.0
Rizzo, Anthony,519203,2022,0.480,0.338,89.4,19.3,34.2,10.9,7.7,21.6,31.7,23.8,4.4,41,99.618112951,64.1,14.9,29.6,38.3,61.7,52.2,69.9,7.4,84.7,47.8,42.3,22.8,46.1,45.9,30.9,23.2,57.2,33.3,35,21.6,10.1,,4.66,25.5
Stanton, Giancarlo,519317,2022,0.462,0.296,95,10.8,26.9,19.3,4.5,20.5,19.7,34.5,1.1,52.3,107.816149318,62,29,26.8,51.7,48.3,53.4,72.6,7.3,71,46.6,43,36.5,43.1,32.6,41.7,25.8,58.1,47,24.6,20.8,7.6,,5.04,24.5
Vogt, Stephen,519390,2022,0.321,0.241,87,21,38.9,7.9,4,22.2,40.5,21.4,4,27.8,96.256857778,65.4,17.3,30.5,44.9,54.2,54.2,70.9,7.7,82.7,45.8,40.5,27.1,46.5,41.3,40.5,18.3,60.2,31,35.7,23.8,9.5,,4.57,25.7
Perez, Salvador,521692,2022,0.465,0.292,91.4,17.8,34.8,11.2,8,22.4,31,25.1,2.4,49,101.468749294,77,22.2,43.2,44.1,55.9,58,87.6,5.2,77.8,42,39.2,31.8,57.4,42.2,35.1,22.7,60.7,36.9,34.2,21.2,7.7,,4.78,25.3
Flores, Wilmer,527038,2022,0.394,0.316,87.8,20.7,35.7,6.3,5.4,24.5,35.9,24.7,3.3,35.4,97.672013814,66.4,12.4,26.6,33.7,66.3,52.3,74.4,6.9,87.6,47.7,42,18.9,45.6,46.6,32.2,21.2,64.2,34.7,31.5,24.2,9.6,,4.71,25.2
Garcia, Avisail,541645,2022,0.317,0.266,88.7,2.8,27.6,6.4,8.8,20,16,42.4,5.6,44.8,101.460367339,82,21.6,40.7,61,39,55.7,87.9,7.2,78.4,44.3,43,36.7,59,31.2,42.4,26.4,65.8,56,22,19.6,2.4,,4.54,28.3
Bethancourt, Christian,542194,2022,0.409,0.282,90.1,9.4,31.4,11.7,6.3,24.3,21.3,31.4,4.6,44.8,101.959454237,81,26.8,44.3,49,50.2,50.5,90.2,7.4,73,49.5,43.5,34.7,62.5,35.6,41.4,23,67.6,46.4,23.8,23.8,5.9,,4.43,28.1
Ozuna, Marcell,542303,2022,0.413,0.274,89.4,16.5,31.8,13.1,4,23.9,28.7,25.6,4.3,43.8,101.775141886,68.2,19.7,33.3,44.6,55.4,53.9,80,6.2,80.3,46.1,39.8,28.7,49.4,41.2,37.2,21.6,61.5,38.4,30.7,20.7,10.2,,4.67,26.6
Villar, Jonathan,542340,2022,0.302,0.259,89.6,-0.7,24.7,2.7,6.2,24,16.4,43.8,4.1,40.4,100.671592429,75.1,28.1,29.1,50.7,49.3,52.5,85.5,7.1,70.3,47.5,43.6,34.9,51,30.1,42.5,27.4,61.4,61.6,17.8,19.2,1.4,,4.42,26.8
Ortega, Rafael,542364,2022,0.358,0.329,87.2,17.1,37.6,4.8,5.2,26.8,33.2,26,3.6,33.7,97.447746423,67.4,10.7,25.9,38,59.6,53.2,78.5,7.1,88.7,46.8,42.7,19.3,45.4,40.4,35.2,24.4,59.6,34.4,33.2,24.8,7.6,,4.53,27.0
Aguilar, Jesus,542583,2022,0.379,0.278,87.7,19.1,39.7,6.9,7.7,27.1,30.3,25.1,2.6,36,98.459753543,64.9,17.6,36.2,41.6,57.9,53.7,67.7,6.4,82.2,46.3,43.1,27,49.5,36.3,39.1,24.6,60.9,32.9,30.9,26.9,9.7,,5.01,23.9
Berti, Jon,542932,2022,0.338,0.324,88,4.7,30.7,5.9,5.2,23.3,19.6,41.5,4.1,37,98.782159778,65.5,16.9,22.3,48.2,51.8,48.7,81.5,8.6,83,51.3,42.8,24.5,44.5,30,40.7,29.3,61.9,53,21.5,22.2,3.3,35,4.26,29.6
Crawford, Brandon,543063,2022,0.344,0.308,88.1,12.3,31,6.7,5.4,23.6,25.2,34.2,4.2,35.1,97.909462452,76.3,24.6,26.1,52,47.6,51,85.5,7.6,75.1,49,41.5,31.8,50.7,34.8,40.9,24.3,60.8,47.3,23.6,21.7,7.3,,4.54,25.3
Cron, C.J.,543068,2022,0.468,0.315,88.7,14.2,36.8,10.8,5.5,24.3,26.7,28.4,4.1,42.3,101.410198894,63,16,33.2,39.3,60.5,51.2,76.4,7.8,84,48.8,45.4,24.3,47.7,33.7,40.6,25.7,61.8,39.2,27.9,26,7,,4.84,25.2
Gomes, Yan,543228,2022,0.365,0.259,85.3,9.4,37.9,3.4,6,24.3,25.1,34.5,5.5,28.9,96.735466466,70.5,11.2,39.1,33.2,66.8,52.1,68.7,8.3,88.8,47.9,43.2,19.4,54.2,40.9,35.3,23.8,63.1,46.4,21.3,26.8,5.5,,4.72,26.3
Grossman, Robbie,543257,2022,0.311,0.310,86.7,21.1,38.5,3.5,7.7,26.9,37.4,22.4,2.1,30.4,96.176090559,63,16.1,19.2,48.9,50.5,50.4,74.1,7.6,83.9,49.6,42.6,23.9,40.9,46.2,32.9,21,62.1,31.8,32.2,27.6,8.4,,4.39,27.9
Harrison, Josh,543281,2022,0.370,0.315,87.4,14.7,32,3.8,5.3,26,28.8,33.2,2.8,32.3,96.783559748,72.9,17.4,35,30.5,69.5,48.2,75.2,8.4,82,51.8,43.4,21.5,54.7,35.1,39.8,25.1,59.8,43.9,28.2,21.6,6.3,,4.49,27.0
Hicks, Aaron,543305,2022,0.313,0.329,87.9,14.8,25.2,5.8,2.9,26.3,30.9,29.5,4,33.1,98.078223577,62.5,19.8,20.5,43.1,56.4,51,75.7,7.1,79.5,49,43.9,25.8,41.1,44.2,32,23.7,55.8,44.6,23.7,20.5,11.2,,4.26,27.9
Higashioka, Kyle,543309,2022,0.389,0.262,90.9,17.2,36.6,9.8,4.9,26.8,30.1,23,4.9,48.1,101.231678333,71.9,17.9,28.6,49.2,49.2,49.3,81.3,8.8,81.5,50.7,39.5,26.8,50.6,44.3,41,14.8,61.7,36.1,28.4,25.1,10.4,,4.72,25.9
Hosmer, Eric,543333,2022,0.382,0.334,88.4,3.1,29.3,5.7,5.7,22.4,15.5,43.8,5.7,39.7,101.224912803,66.8,9.9,33.8,33.8,65.5,54.1,68.1,7,90.1,45.9,41.7,18.8,49,36,39.4,24.6,58.3,57.1,15.1,21.5,6.3,,4.57,25.8
McCann, James,543510,2022,0.282,0.257,90.2,16.3,33.8,6.9,9.2,24.6,29.2,26.2,3.8,40.8,100.237659692,68.9,17.8,35,48,52,50.9,70.8,9.1,82.2,49.1,41.5,28.3,51.6,30,45.4,24.6,60.7,36.9,30.8,26.2,6.2,,4.76,26.1
Miller, Brad,543543,2022,0.320,0.270,91.1,14.1,27.5,7.8,4.6,22.9,29.4,33.3,1.3,39.9,100.033437368,71.7,26.9,30.1,58.3,41,50.5,81.8,7.2,73.1,49.5,44.5,36.3,50.7,30.7,38.6,30.7,59.8,42.5,28.1,19.6,9.8,,4.44,27.1
Nola, Austin,543592,2022,0.329,0.320,89.4,12,35.4,2.4,6.7,30.3,26.3,32,2,39.7,98.960360608,63.1,8.7,20.5,33.8,66.2,47.5,67.5,7.7,91.3,52.5,44.9,14.4,42.8,42.1,33.3,24.6,58.6,42.4,24.2,27.3,6.1,,4.74,26.4
Rendon, Anthony,543685,2022,0.380,0.326,89.6,18.7,42.1,8.3,6.8,23.3,32.3,26.3,1.5,37.6,99.082562576,68.6,15,18.5,35.1,64.9,52.6,80,7.2,85,47.4,43.3,19.6,42.3,39.1,40.6,20.3,62.2,35.3,30.1,26.3,8.3,,4.69,26.2
Semien, Marcus,543760,2022,0.429,0.304,87.3,19.9,32.4,6.8,6.2,23.8,35.3,24.1,3.8,34.9,97.838624343,71.1,12.3,24.7,42.9,57.1,51.5,84.2,7.1,87.7,48.5,43.7,20.6,47.2,43.5,34,22.5,60.8,33.6,34,21.8,10.6,9,4.37,28.9
Springer III, George,543807,2022,0.472,0.340,88.7,13.9,31.8,8.4,7.2,22,25.8,31.8,4.5,42.3,101.320507081,77.4,21,25.6,49.3,50.7,51,86.4,7.1,79,49,42,28.2,50.9,45.7,32.3,22,62,44.3,24.4,21.8,9.6,2,4.37,28.3
Vazquez, Christian,543877,2022,0.399,0.315,87.9,10.7,36.1,5.1,3.6,28.9,24.1,36.7,1.2,36.4,97.833724337,66.5,11.8,31.9,28.5,71.5,50,73.7,7,88.2,50,43,17.2,49.2,28.3,44,27.7,64.6,45.2,22.6,25.9,6.3,,4.66,25.5
Wong, Kolten,543939,2022,0.430,0.338,87,14,33.5,5.4,6.3,21.2,26.6,34.4,5.7,35.5,97.674374503,64.2,13.2,22,40.4,57.8,50,71.4,8.2,85.7,50,41.4,20.2,43.1,41.8,33,25.2,55.6,43.6,23.5,25.2,7.7,,4.45,26.0
Gregorius, Didi,544369,2022,0.304,0.263,84.5,15.8,33.3,2.8,5,25.6,31.1,30,5,22.8,94.452718539,81.4,13,41.2,44.1,55.4,52,87.3,7.6,86.7,48,42.4,24,60.5,32.8,42.8,24.4,63.8,41.7,26.7,22.8,8.9,,4.38,27.3
Garcia, Leury,544725,2022,0.267,0.232,87,6.2,30,4.2,3.3,25,22.1,40,4.6,35.6,97.781782479,75.9,17.4,35.9,40.1,59.4,48.8,86,8.7,82.6,51.2,42.7,24.4,56.4,33.3,39.6,27.1,64.4,53.3,21.7,20.8,4.2,4,4.18,28.4
Vargas, Ildemaro,545121,2022,0.392,0.297,87,7.4,28.2,2.1,4.3,20.2,27.1,41,5.3,29.3,96.943626739,64.7,8.2,30.7,18.9,77,50,75.4,7.2,90.3,50,43.3,11.6,47.7,32.4,45.7,21.8,59.9,48.9,22.9,22.3,5.9,,4.48,27.1
Grichuk, Randal,545341,2022,0.425,0.299,90,8.7,27.3,6.8,6.6,18.9,24.4,38.6,3.9,43.6,101.601495926,69.5,14.2,32.7,45.8,54.2,51.4,74.3,6.9,85.8,48.6,42,24.7,50.6,33.9,40.2,26,59.3,50.4,26,18.1,5.5,,4.5,28.0
Stassi, Max,545358,2022,0.303,0.267,88.6,9.5,26,9.4,4.9,17.9,23.8,40.4,3.1,39.5,98.972653514,66.2,26.4,21.1,58.4,41.6,49.1,78.9,7.9,73.6,50.9,41.9,34,44.1,35.4,40.4,24.2,61.3,52,25.6,14.8,7.6,,4.86,25.6
Trout, Mike,545361,2022,0.630,0.369,91.6,24.6,37.7,19.7,7,20.7,34.3,15,3.3,51,104.135929733,64.8,24.2,22.6,46.9,53.1,50.6,70.2,6.7,75.8,49.4,44.1,30.2,43.4,40,33.7,26.3,55.8,25,44.7,21.3,9,27,4.3,29.4
Herrera, Odubel,546318,2022,0.378,0.279,86.9,4,24.3,4.9,3.5,22.2,20.8,40.3,6.3,37.5,99.933778143,68.6,10.1,38.5,46,54,52.9,71.7,7.2,89.1,47.1,40.8,24,52.6,38.2,26.4,35.4,59.4,57.6,17.4,17.4,7.6,1,4.28,26.9
Almora Jr., Albert,546991,2022,0.349,0.281,84,6.7,29.8,1.8,4.1,25.1,21.6,37.4,7.6,25.4,95.828660964,67.8,17,36.4,34.4,65,51.9,84,6,83,48.1,42.6,23.6,51.5,42.1,37.4,20.5,57,50.9,18.1,23.4,7.6,,4.45,27.6
Harper, Bryce,547180,2022,0.514,0.364,92.1,11.8,37.2,12.8,6.2,26.6,21.4,29,3.8,47.9,102.954593636,82.1,19.2,35.7,44.8,53.3,55.8,87.6,5.6,80.1,44.2,41.9,28.2,56.2,37.9,36.2,25.9,65,42.1,25.9,29.7,2.4,,4.4,27.6
Abreu, Jose,547989,2022,0.446,0.378,92.2,8,34.5,9.5,7.7,26.7,19,33.9,2.8,51.8,102.953606518,66.1,14.7,29.8,41,59,51.7,73.1,8.2,85.3,48.3,41.9,23.2,47.3,34.5,39.2,26.3,57.7,47.7,24,25.1,3.2,,4.65,26.0
Diaz, Elias,553869,2022,0.368,0.281,88.4,11.1,28.3,5.9,5.1,23.2,25.7,35.7,2.6,39.3,100.058292985,72.6,12.9,33,42.2,57.8,52.6,81.1,7.3,87.1,47.4,41.8,22.7,51.8,32.4,41.2,26.5,63.3,47.8,22.8,21,8.5,,4.64,26.1
Narvaez, Omar,553882,2022,0.305,0.291,84.7,17.7,36.7,2.4,4.8,24.2,35.3,27.5,5.3,18.4,94.078356176,73.5,18.5,27.8,35.5,64.5,51.4,81,7.1,81.3,48.6,44.2,23.4,50,37.7,34.3,28,60.3,36.2,34.8,24.2,4.8,,4.99,24.1
Suarez, Eugenio,553993,2022,0.459,0.332,89.8,19.9,36.4,14.8,7.4,20.5,29,24.4,3.7,43.5,100.691818466,63.6,24,21.5,58.1,41.9,51.7,74,7.9,76,48.3,41.8,33.1,41.8,44.3,31.3,24.4,60.9,34.1,39.2,20.7,6,,4.82,25.7
Urshela, Gio,570482,2022,0.429,0.338,88.9,11.8,38.6,7,6.6,26.9,24.5,31.1,2.9,37.6,99.120552402,71.2,15.4,36,32.6,67.4,51.5,80.4,7.8,84.6,48.5,42.3,21.4,53.1,33.3,39.8,26.9,64.9,41.7,23.8,30.1,4.4,,4.54,25.8
Schoop, Jonathan,570731,2022,0.322,0.239,87,9.7,29.1,4.8,6.6,22,23.8,36.8,5,38.6,99.967628556,75.2,18.8,36.8,46.4,53.6,51.3,76.6,6.9,81.2,48.7,41.6,28.2,55.5,37,39.9,23,64.4,45.2,20.6,24.3,9.8,,4.61,27.0
Arenado, Nolan,571448,2022,0.533,0.358,88.7,21.7,35.4,8.2,7.8,23.5,36.4,21.5,2.5,38.9,99.558566721,66.9,11.7,32.6,31.9,68.1,54.1,70.6,6.6,88.3,45.9,41,19.1,48.4,45.2,34.8,20,61.3,30.5,29,26.2,14.3,,4.73,25.5
Barnhart, Tucker,571466,2022,0.267,0.286,84.5,10.1,30.3,1.9,2.9,22.6,27.4,38.9,5.3,26,95.275826176,65.7,14.8,25.2,44.1,55.9,48.3,73.3,7.3,85,51.7,45.2,22.5,46.2,34.1,37,28.8,65.9,54.3,17.3,21.6,6.7,,4.88,23.8
Farmer, Kyle,571657,2022,0.386,0.314,85.5,12.7,37.7,4.4,6.9,26,23,32.4,6.7,33.8,97.050252093,64.7,10.3,36.3,34.3,65.2,51.2,71.6,7.9,89.7,48.8,43.3,19.2,50.3,39.1,35.4,25.5,63.1,45.3,23.4,25.5,5.7,,4.58,26.8
Haniger, Mitch,571745,2022,0.429,0.308,91.9,18.2,31.1,11.8,8.1,21.7,30.4,25.5,2.5,47.2,101.996690741,65.7,19.8,26.4,52.6,47.4,51.4,68.1,6.9,80.2,48.6,40.2,29.6,45.5,44.1,32.9,23,58.9,37.3,29.2,23,10.6,,4.6,26.9
Hernandez, Enrique,571771,2022,0.338,0.291,87.8,17.1,33.3,5.8,3.4,25.5,33.3,27.9,3.7,35,98.74127898,70.7,14.5,27.2,47.9,52.1,53,86.5,6.4,85.3,47,41.5,24.6,47.7,43.9,33.7,22.4,54.7,39.8,22.1,23.5,14.6,,4.57,26.9
Maile, Luke,571912,2022,0.326,0.301,84.5,17,33.8,5.4,6.9,23.8,31.5,26.2,6.2,25.4,95.943675231,65,19.6,24.3,50,50,49.2,76.1,8.6,80.4,50.8,42.3,27.6,44.9,38.5,40,21.5,60.7,37.7,32.3,20.8,9.2,,4.74,25.5
Muncy, Max,571970,2022,0.384,0.329,90.3,20.9,34.3,13.4,10.3,18.8,33.4,20.1,3.6,45.6,100.488456196,60.3,21.2,16.6,44,55.5,49.6,69.6,8.9,78.4,50.4,40.5,26.1,38.6,48,31.3,20.7,60.4,32.5,39.5,20.1,7.9,,4.43,27.2
Myers, Wil,571976,2022,0.398,0.315,88.5,13,37.6,7.3,7.9,21.9,26.4,32,3.4,37.6,98.804888523,61.5,23.4,29.7,46.9,52.6,50.8,73.1,8,76.4,49.2,44.1,31.2,45.3,35.4,34.8,29.8,59.1,41.6,26.4,26.4,5.6,,4.43,28.2
Naquin, Tyler,571980,2022,0.423,0.281,90.3,14.4,39.9,9.6,6.9,25.7,25.2,26.6,5,40.8,100.892608302,79.4,24.9,37.8,41.5,58.5,51.5,89.3,6.7,74.6,48.5,45.2,30.5,58,38.1,33.9,28,63.3,40.4,29.4,24.3,6,,4.44,27.7
Pollock, AJ,572041,2022,0.389,0.292,88.8,11.6,32.9,9.4,5.8,23,23.3,33.4,4.8,42,100.414319188,74.1,15.2,34,44.5,55.5,51.1,80.7,7.6,84.8,48.9,42.2,24.7,53.6,40.8,35.7,23.5,63.2,45.3,22,23,9.6,1,4.42,27.8
Taylor, Michael A.,572191,2022,0.357,0.311,86.3,12.1,33.5,6.8,4.8,21.6,29.4,30.6,6.5,32.9,98.005175695,73.2,18.5,31.3,52,47.3,51.8,85.9,7.5,79.7,48.2,43,29.1,51.5,36.5,37.7,25.8,68.4,42.3,28.1,21,8.7,15,4.26,28.7
Thompson, Trayce,572204,2022,0.507,0.353,92.2,16.4,45.3,16.4,7.8,27.3,25,21.1,2.3,46.9,103.303449063,66,28.1,23.3,63.5,36.5,51.7,63.1,7.4,71.9,48.3,43.4,37.8,43.9,55.5,27.3,17.2,64.7,31.3,32,31.3,5.5,,4.47,27.8
Voit III, Luke,572228,2022,0.402,0.308,89.8,18.4,34.6,14.7,8.3,23.2,27.2,21.4,5.2,44.3,101.411871585,78.1,27.5,30.6,58.6,41.4,54.9,93.7,5.6,72.5,45.1,42.3,37.6,52,46.2,33.6,20.2,65.3,34.9,34.9,24.8,5.5,,4.96,24.7
Walker, Christian,572233,2022,0.477,0.327,90,17,33.3,11.5,6.5,22,29.4,26.4,3.7,44,101.466371179,67.9,15.6,23.1,49.2,50.8,51.8,79.4,7.8,84.4,48.2,42.5,24.6,44.7,38.8,37,24.2,61.4,39.2,30.9,21.4,8.5,,4.64,26.6
Carpenter, Matt,572761,2022,0.727,0.409,89.8,22.4,41.1,13.7,9.5,22.1,32.6,14.7,6.3,42.1,99.672980435,63.2,17.4,16.6,50,50,46.9,80.9,9.4,81.8,53.1,40.1,23.7,41.4,57.9,23.2,18.9,50.3,27.4,40,25.3,7.4,,4.54,26.1
Dickerson, Corey,572816,2022,0.399,0.300,87.7,10.6,33.2,3.8,3.8,27.7,23.8,37.4,3,32.8,97.888667863,76.3,17.1,40.8,33.2,66.8,50.5,89.2,6.8,82.9,49.5,43.7,22.8,58.4,35.7,34.5,29.8,57.6,46.8,20.9,25.1,7.2,,4.35,27.0
Ruf, Darin,573131,2022,0.338,0.307,89.2,14.8,34.5,8.6,8.2,23.7,28,26.3,5.2,40.5,100.481181724,56.7,19.4,24.1,46.4,53.6,50.1,71.3,8,80.6,49.9,42.8,27.5,40.4,42.2,29.3,28.4,60.3,41.8,29.7,20.7,7.8,,4.78,25.7
Yastrzemski, Mike,573262,2022,0.392,0.305,89.9,19.9,36.2,11.1,5.1,21.4,32.8,24.5,4.8,42.5,99.830966069,63.4,15.6,22.2,42.5,54.4,49.7,69.6,7.7,83,50.3,43.2,22.5,42.9,42.7,33.6,23.6,60.2,34.8,31.9,23.6,9.7,,4.41,27.0
Contreras, Willson,575929,2022,0.466,0.349,90.4,8.5,30.2,10.5,8.3,21.3,16.5,36.2,5.4,48.6,103.238284065,73.1,20.8,31.8,51.1,48.9,54.2,78.6,7,78.9,45.8,41.6,30.9,50.6,40.3,36.2,23.5,66.1,51.1,22.9,20.3,5.7,,4.43,27.6
Iglesias, Jose,578428,2022,0.380,0.328,83.8,6,30.6,0.5,2.3,29,20.5,40.9,6,27.7,95.592199372,63.4,7.6,41.3,21.2,78.8,52,63.9,6.8,92.4,48,42.9,13.2,51.9,37.6,39.9,22.5,66.2,53.4,16.8,25.4,4.4,8,4.24,28.4
Bryant, Kris,592178,2022,0.475,0.376,85,13.5,31.9,6.7,3.7,28.1,27.4,28.9,5.2,29.6,96.85815,72.5,13.2,24.3,44.3,55.7,52,88.5,7.5,86.8,48,40.1,21.5,47.4,42.2,37.8,20,60.2,38.5,34.1,22.2,5.2,,4.47,27.3
Canha, Mark,592192,2022,0.403,0.367,87.7,10.9,32.2,4.9,6.8,23.6,24.9,35.2,4.1,36.6,98.317698315,60.9,18.4,24.4,31.5,68.2,49.3,62.8,7.4,81.6,50.7,43,22.1,42.9,39.3,32,28.7,63.6,46.1,24.7,23.3,6,,4.46,27.5
Casali, Curt,592200,2022,0.331,0.318,87.1,25.4,35,6,6,24,41,17,5,39,98.0141006,71.2,21.8,23.2,43.8,53.9,49,87.3,7,77.8,51,43.6,27.1,47.6,46,31,23,61.9,28,36,23,13,,4.99,24.6
Castellanos, Nick,592206,2022,0.389,0.305,87.5,14.6,36.9,6.6,6.1,26.5,27.5,28.8,4,35.1,98.393032843,76.8,20.2,39.5,52.6,47.4,53.2,83.7,6.5,79.8,46.8,42.7,32.2,57,35.6,32.1,32.3,68.8,42.9,28.5,22,6.6,,4.42,27.6
Drury, Brandon,592273,2022,0.492,0.320,89.1,13.8,34.8,10.4,7.3,22,25.5,29.3,4.8,42.2,100.586892132,62.5,14.2,30.2,35.8,64.2,51.2,75.5,6.7,85.8,48.8,41.1,21.5,45.9,44.7,32.1,23.2,60.7,40.9,28.3,24,6.8,,4.52,27.0
Gamel, Ben,592325,2022,0.369,0.324,88.8,11.3,38,6.2,6.2,28.8,24.1,29.6,4.4,37.6,99.298905,65,12.4,23.6,52.1,47.9,52.8,71,7.6,86.7,47.2,44.8,23.8,43.1,36.1,38.7,25.2,57.7,43.4,25.9,26.3,4.4,1,4.35,27.9
Judge, Aaron,592450,2022,0.686,0.422,95.9,15,39,26.5,7.2,20,18.8,26.5,0.5,61.8,107.110072714,66.1,20.3,22.9,53.2,46.5,54.2,77.4,6.9,79.7,45.8,42.2,29.8,42.7,47.3,31.5,21.3,58.8,37,38.3,22.3,2.5,,4.66,27.3
Machado, Manny,592518,2022,0.531,0.366,91.5,16,36.7,9.8,9.8,24.4,25.5,27.5,2.9,49,102.622706786,74.4,17.7,30.6,39.9,60.1,53.9,86.3,7.1,82.3,46.1,43.6,24.9,50.8,40.7,33.1,26.2,63.4,37.6,23.7,29.1,9.6,,4.71,26.3
Pederson, Joc,592626,2022,0.521,0.353,93.2,14.8,34.2,15.1,5.6,23.9,27.8,22.9,3.9,52.1,103.347393857,65.1,14.3,29.6,43.4,55.8,53.6,77.5,7.1,84.9,46.4,41.4,24.4,46.1,35.6,37.7,26.8,56.1,37.3,33.8,22.9,6,,4.44,26.0
Realmuto, J.T.,592663,2022,0.478,0.342,90.3,13.1,35.6,11.3,6.7,26.7,22.1,30.5,2.6,47.2,101.252893641,67.7,19.7,30.9,38.4,61.6,50.8,80.5,7.3,80.3,49.2,43.4,25.7,49,38.2,33.6,28.2,57.8,44.6,25.6,24.1,5.6,5,4.35,28.8
Renfroe, Hunter,592669,2022,0.492,0.314,90.5,17.7,32.7,10.9,6.4,21.8,30.4,27.1,3.4,43.6,101.645981292,66.2,18.8,31.7,41.9,58.1,53.5,73,7,81.3,46.5,41.2,27,47.8,40.5,36,23.5,59.1,37.4,30.2,21.5,10.9,,4.52,27.1
Rosario, Eddie,592696,2022,0.328,0.259,87.7,15.2,32.4,5.4,5.9,21.1,33.5,28.1,5.4,33,97.161292527,70.1,22.1,40.4,45.2,52.6,55.9,80.3,7,77.6,44.1,41.1,31.9,53.5,38.4,43.2,18.4,64.1,39.5,30.3,23.8,6.5,,4.28,27.6
Yelich, Christian,592885,2022,0.383,0.355,91.5,3.6,30.3,8.2,6.7,25.5,13.2,43.3,3.1,48.6,102.984892126,65.4,14.9,23.1,51.1,48.6,52.5,73.6,7,85,47.5,41.6,25,43.2,33.4,38.9,27.6,56.1,59.1,18,19.7,3.1,8,4.37,28.1
Merrifield, Whit,593160,2022,0.375,0.298,87.1,15.1,37.9,4.2,7.3,23,29.5,30.9,4.9,31.1,96.383459857,71.4,13.8,29.8,33.1,65.9,49.3,78.9,8.5,85.6,50.7,44.1,19.4,50.9,35.1,35.8,29,59.5,41.2,28.8,22.2,7.7,1,4.32,28.7
Bogaerts, Xander,593428,2022,0.456,0.377,88.1,10.2,30.3,6.5,4.9,27.8,21.7,34.1,4.5,39.5,99.97943964,63.4,18.6,29.2,37.4,62.6,51.7,67.4,7.5,81.4,48.3,43.7,24.8,45.7,37.2,37.4,25.3,60.8,46.6,21.1,25.8,6.5,1,4.31,27.9
Alberto, Hanser,593643,2022,0.365,0.258,82.9,10.8,30.5,1.5,6.9,20.6,27.5,33.6,9.9,18.3,93.791635156,76.4,19.1,47.6,35.4,60.6,51.2,80,5.8,80.4,48.8,44,25.5,61.6,42,34.4,23.7,64.2,50.4,26,19.8,3.8,,4.53,26.0
Polanco, Jorge,593871,2022,0.405,0.346,89,21.7,37.7,10.2,6.3,25.7,33.8,19.4,4.2,38.7,99.924839571,61.1,18.1,25.1,42.3,57.3,52.1,66.4,6.1,81.7,47.9,44.1,25.6,42.4,46.5,33.1,20.4,52.3,30.6,34.9,25.4,9.2,1,4.18,28.2
Calhoun, Kole,594777,2022,0.330,0.257,90.8,15.4,40.4,9.8,8.6,26.7,26.3,26.7,2,48.2,100.862031797,78.4,27.5,32.3,53.6,46.4,55,89.1,7,72.5,45,41.1,36.3,53.1,45.9,34.5,19.6,59.9,38,26.3,27.1,8.6,,4.66,25.3
Duvall, Adam,594807,2022,0.401,0.276,88.3,23.4,36.2,12.8,7.4,21.3,35.1,19.7,3.7,41,100.566076596,67.4,21.4,34.3,43.9,56.1,51.1,74.4,7.4,78.6,48.9,42.2,29.2,50.5,48.4,32.4,19.1,60.3,29.3,38.8,20.7,11.2,,4.46,27.9
Kiermaier, Kevin,595281,2022,0.369,0.281,87.9,5.3,33.8,6.9,4.8,29,16.6,40.7,2.1,38.6,98.886186164,75.1,20.6,27.8,63.2,36,49.3,79.7,7.1,78.8,50.7,44,31.9,51.7,32.4,35.2,32.4,64.7,52.4,23.4,20.7,3.4,5,4.12,29.2
Alfaro, Jorge,595751,2022,0.383,0.285,89.4,8,38.5,11.2,4.3,21.7,21.1,34.8,5.6,38.5,102.020939625,80.9,27.9,45.8,54.4,45.6,52.2,85.7,6.3,72.1,47.8,43.9,38,62.6,31.1,41.6,27.3,69.7,47.2,23,26.7,3.1,,4.41,28.7
Profar, Jurickson,595777,2022,0.391,0.330,87.5,12.9,34.7,4,4.6,28.7,27.8,29.5,4.8,34.3,97.859468559,64.2,13.8,23.7,31.5,67.9,50.8,76,6.3,85.5,49.2,43.3,18.7,43.6,42.1,32.6,25.3,59.4,44.8,22.8,25.7,6.7,,4.48,26.6
Baez, Javier,595879,2022,0.393,0.278,87.9,9.6,29.7,8,4.9,20.9,21.9,40.1,2.9,38,99.689131182,68,22.2,47.5,49.1,50.9,59.2,69.6,6.6,77.8,40.8,39.8,35.8,55.8,39.9,34.8,25.3,66.2,50.6,22.9,20.4,6.1,,4.35,27.9
Cave, Jake,595909,2022,0.384,0.260,90.7,14.4,38.5,10.3,9.4,18.8,31.6,27.4,2.6,42.7,99.526718814,73.1,26.3,30.4,54,46,52.4,77.4,7.5,72.9,47.6,43,35,50.7,24.8,49.6,25.6,55.4,36.8,39.3,22.2,1.7,,4.31,28.0
Hedges, Austin,595978,2022,0.248,0.234,84.2,16.7,31.9,3.1,4.4,19.2,33.6,30.1,9.2,22.3,94.912102385,68.4,17.8,28.5,47.4,50,52.3,72.1,6.8,80.8,47.7,42.7,27.1,47.6,41,34.9,24,65.7,40.6,24,23.6,11.8,,4.94,24.5
Lindor, Francisco,596019,2022,0.449,0.339,89.3,13.8,29.2,8.3,6.2,22.4,26.8,32.3,3.8,41.3,99.740565418,68.2,14.5,29.9,39.9,59.9,53.2,75.3,6.7,85.4,46.8,43.3,22.9,47.8,38.3,37.5,24.2,58.3,43.5,27.6,20.4,8.5,,4.44,27.5
Odor, Rougned,596059,2022,0.357,0.275,87.8,21.5,30.5,6.5,5.6,23.1,36.4,23.1,4.7,33.3,98.233676795,72.8,19.8,31,42.8,56.2,53.2,83.7,5.6,79.2,46.8,42.5,27.3,50.6,42.4,36.8,20.9,61.1,32.4,29,22.7,15.9,1,4.39,27.0
Slater, Austin,596103,2022,0.408,0.366,89,6.6,43.2,10.5,6.8,28.9,14.2,33.7,5.8,39.5,99.908713548,67.3,23.8,26.4,47.1,50.8,53.9,77.8,6.8,75.7,46.1,41.2,31.2,45.2,31.1,42.6,26.3,66.5,53.7,19.5,25.3,1.6,7,4.37,28.2
Story, Trevor,596115,2022,0.434,0.303,88.9,17.8,36,11.3,7.1,21.3,31,27.2,2.1,40.6,100.613635333,68.9,21.5,33.2,47.7,52.3,53.4,73.8,6.8,78.5,46.6,45.7,30.8,49.8,38.5,36.4,25.1,63.4,35.1,28.9,24.3,11.7,5,4.33,28.5
Vogelbach, Daniel,596129,2022,0.433,0.360,89.4,15.8,38.1,10.6,7.7,24.5,26,29.3,1.5,39.9,99.817658603,45.4,13.8,20.4,33.3,66.7,53.1,43.4,6.8,86.2,46.9,43.6,20.4,32.2,40.7,35.5,23.8,51.3,38.1,29.7,24.9,7.3,,4.9,23.9
Sanchez, Gary,596142,2022,0.377,0.282,90.5,14,29.2,13.5,5.9,19.1,27.1,26.4,7.6,49.3,103.200555347,60.7,20.5,28.7,50.7,49.3,52.2,66.3,9.6,79.5,47.8,39.7,30.8,44,47.9,29.2,22.9,59.7,43.8,29.9,18.4,8,,4.72,25.1
Kepler, Max,596146,2022,0.348,0.318,89.1,11.2,31.9,7.1,5.2,25.2,25.2,33.7,3.7,39.9,100.09058546,70.4,12.5,23.5,40.6,58.9,51.8,84.1,7.6,87.2,48.2,43.9,19.9,46.1,41.7,34.4,23.9,58.4,46.6,24.5,23.3,5.5,2,4.34,27.9
Franco, Maikel,596748,2022,0.342,0.255,87,11.5,33.1,4.7,5.7,25.1,25.8,32.4,5.4,34.4,98.818458378,68.3,21.8,38.5,39.4,60.6,49.3,77,7.1,78.2,50.7,42.9,28,53.6,44.1,33.8,22.1,64.9,44.5,21.1,24.1,10.4,,4.88,25.5
Choi, Ji-Man,596847,2022,0.388,0.341,92.2,10.6,37.3,11.9,8.1,27.5,16.9,33.1,2.5,47.5,101.295507712,67.5,24.6,19.9,54.5,44.4,54.1,83.1,7.1,75.3,45.9,42.8,32.3,41.7,40.7,35.2,24.2,57.2,46.6,25,23.7,4.7,,4.57,25.0
Bradley Jr., Jackie,598265,2022,0.311,0.254,87.6,7.4,29.4,4.8,7.4,22.3,21.9,36.8,6.7,37.2,98.071881353,69.7,24.1,28.6,43,56.5,48.6,75.8,8.7,74.8,51.4,41.9,29.4,49.7,39.8,36.4,23.8,60.5,51.3,21.2,21.2,6.3,,4.42,27.0
La Stella, Tommy,600303,2022,0.350,0.282,87.9,14.6,37.3,2,6.5,24.2,32,34.6,0.7,32,97.045650909,52.9,10.2,27.7,29.9,69.2,48.6,59.3,6.8,89.8,51.4,44.1,16.7,40.7,37.3,39.9,22.9,53.3,39.2,24.8,28.1,7.8,,4.67,24.9
Candelario, Jeimer,600869,2022,0.361,0.272,87.2,13.5,37,8.3,4,21.3,28.4,32.7,4.3,34.6,98.352499379,74.3,17.8,33.6,40.1,59.6,53.4,88.9,6.7,81.6,46.6,42.1,25.4,52.6,39.8,33.6,26.5,59.7,42.6,24.1,24.4,9,,4.51,27.3
Daza, Yonathan,602074,2022,0.384,0.348,84.8,4.6,34.1,1.9,2.5,32.5,16.6,40.9,5.3,25,95.180250189,66,12.2,35.7,30.1,69.9,51.4,71.1,7.4,87,48.6,41.8,18.7,50.5,34.4,38.4,27.2,61.8,55.6,17.8,24.4,2.2,,4.35,28.2
Urias, Ramon,602104,2022,0.414,0.303,89.4,11,32.1,9.6,5.4,24.7,20.8,33.7,5.1,46.5,100.690244675,70.8,21,29,43.1,56.9,50.1,82.5,7.3,79,49.9,42.8,27.4,49.8,37.8,36.9,25.3,66.9,47.8,24.4,20.5,7.4,,4.66,26.7
Anderson, Brian,605119,2022,0.346,0.311,88.7,7.7,31.1,9.7,4.2,24.8,20.2,34.5,6.3,42,100.372461008,73.9,22.9,29,48.1,51.9,51.7,77.8,7,76.8,48.3,42.4,30.3,50.7,38.7,36.1,25.2,60.7,51.3,22.3,21.4,5,,4.44,27.5
Barnes, Austin,605131,2022,0.380,0.321,87.4,13.6,31,4.8,5.5,18.6,31.7,33.1,6.2,35.2,98.048094085,65.9,12.8,15.3,41,59,46.9,76.7,7.1,86.2,53.1,41.3,17.6,42.1,33.8,35.2,31,64.6,43.4,29,20,7.6,,4.66,26.7
Bell, Josh,605137,2022,0.422,0.360,88.9,8.4,30.7,7.2,3.7,27.4,20.6,36.6,4.2,40.8,100.551357456,68.8,16.3,24.9,34.6,65.4,53.3,77.5,6.4,83.6,46.7,45.7,21.7,45.3,37.1,35.7,27.2,53.1,50.7,19.7,24.1,5.7,,4.62,26.2
Betts, Mookie,605141,2022,0.533,0.340,90.5,18.6,36.2,9.7,8.7,22.7,31.8,22.7,3.8,44.9,99.954466043,66.9,8.3,22.2,40.5,59.5,50.9,78.9,7.4,91.7,49.1,43.5,16.5,44.2,44.3,34.5,21.2,61.7,33.7,35.6,23.1,7.6,,4.45,27.3
Caratini, Victor,605170,2022,0.342,0.299,89.4,6.6,30,6.3,5.3,28.5,20.3,35.7,3.9,43.5,100.649286408,60.9,11.4,23.8,45,55,50.2,68.8,7.7,88.6,49.8,44,20.9,42.3,33.8,38.6,27.5,56.9,50.2,19.8,25.1,4.8,,4.85,24.9
Davis, J.D.,605204,2022,0.418,0.340,92.4,12.3,34.8,16.2,5.6,26.3,18.7,30.8,2.5,56.1,103.966730202,76.7,32.3,25.4,52.9,47.1,49.5,91.2,7.7,67.5,50.5,43.5,37.4,51.3,35.9,38.9,25.3,63.2,46,22.7,25.3,6.1,,4.71,26.5
Machin, Vimael,605353,2022,0.287,0.300,89.3,10.2,36.3,3.9,7.3,26.3,24,38,0.6,39.1,98.588009667,65.6,10.4,26.4,34,66,53.3,75,7.6,89.3,46.7,40.3,17.9,44.7,29.6,40.2,30.2,56.9,44.7,27.4,25.7,2.2,,4.71,25.5
Castro, Harold,605612,2022,0.381,0.298,87,11.4,41.6,6.1,7.8,28.9,20.5,31.2,4.3,33.3,97.109259586,69.3,13.4,39.7,30,69.7,52.7,69.4,7.5,86.4,47.3,42.9,19.8,53.7,32.7,35,32.4,62.2,44.2,25.7,27.5,2.6,,4.5,26.2
Arcia, Orlando,606115,2022,0.416,0.316,90.7,11.7,30,7.5,8.1,25.6,24.4,28.7,5,42.5,100.210780633,63.7,16.3,27,51.2,48.8,51.8,68.3,6.8,83.7,48.2,43.4,27.3,44.7,41.9,36.3,21.9,61.5,47.5,28.1,18.8,5.6,,4.7,26.5
Tapia, Raimel,606132,2022,0.380,0.289,87.6,4,27.5,5.1,3.3,26.9,18.9,40.7,4.8,38,99.701438303,70.2,14,42.3,32.7,66.8,52.8,73.8,6.8,85.1,47.2,44.2,21.5,55.4,30.8,39.8,29.3,58.4,54.2,18,24.3,3.6,10,4.27,28.2
Aquino, Aristides,606157,2022,0.363,0.246,85.6,17.4,27.2,8.2,1.9,20.9,32.3,24.7,9.5,34.6,99.168037143,76.4,27.2,39.4,56.1,43.9,53.6,91.7,7.8,72.8,46.4,39.6,38,56.6,45.6,32.3,22.2,63.2,39.9,27.2,17.1,15.8,2,4.42,28.8
Hernandez, Teoscar,606192,2022,0.491,0.316,92.6,11.6,36.3,15,7.5,23.3,19.9,32,2.3,53.3,103.420419483,69,25.1,30.3,55.9,44.1,52.1,80.7,7.2,74.9,47.9,40.8,35.1,48.8,38.6,34.9,26.5,59.6,44.4,25.6,24.8,5.2,5,4.33,28.6
Marte, Ketel,606466,2022,0.407,0.321,90.1,13.5,31.6,6.1,5.8,28,27.3,29.5,3,41.9,101.202754619,65.7,16.3,28.1,30.1,69.6,52.2,76.4,6.5,83.4,47.8,43.9,20.7,46.1,42.7,35.6,21.7,59.7,43.2,25.3,24.5,7.1,1,4.46,27.0
Haase, Eric,606992,2022,0.443,0.305,87.7,17,32.3,8.7,7.9,21.4,28.4,27.5,5.2,42.4,100.507001491,70.2,23.3,35.4,48.9,51.1,54.1,78.6,6.1,76.7,45.9,41.6,32.8,51.4,41.9,33.2,24.9,63.7,39.7,24.5,25.8,10,,4.5,27.9
Nimmo, Brandon,607043,2022,0.433,0.366,89.4,6.1,28.1,7,3.6,25.1,19.8,38.5,5.5,39.8,100.251301732,64.7,13.7,21.3,38.6,61.4,48.2,78.6,7.6,85.9,51.8,43.5,19.6,43.8,29.6,41.5,28.9,61.1,51.7,20.6,21.7,6,30,4.18,28.7
Peterson, Jace,607054,2022,0.382,0.314,88.6,9.7,33.7,7.2,5.3,23.6,23.1,35.1,5.3,36.1,98.360158137,57.7,17,23.4,51.5,48.5,49,60.7,7.5,81.1,51,40,26.7,40.9,38.9,38.5,22.6,59,46.6,26,24.5,2.9,3,4.25,28.5
Turner, Trea,607208,2022,0.466,0.342,88.9,10.2,35.3,7.6,6.5,24.3,24.3,34.5,2.3,41.6,100.188198893,72.4,15.5,33.1,46.3,53.7,53.9,82.4,6.9,84.5,46.1,41.6,26.3,51.2,41.4,34.7,23.9,63.6,43.5,26.2,24.7,5.7,131,4.14,30.3
Stallings, Jacob,607732,2022,0.292,0.292,86.7,12.9,33.5,3.4,6,25.6,28.2,34.2,2.6,32.3,96.725527727,61.9,12.5,26,46.2,53.8,50.8,71,6.8,87.3,49.2,44.2,22.7,43.7,28.9,38.3,32.7,62.2,42.9,27.4,21.4,8.3,,5.04,23.7
Ramirez, Jose,608070,2022,0.514,0.355,87.7,20.7,33.7,6.6,6.4,22.3,37.3,21.8,5.3,36.9,98.871944811,66.4,9.5,28.7,26.4,73.1,53.4,70.3,6.3,90.1,46.6,43.7,15.1,46.3,44.7,34.8,20.5,53.1,32.6,28.6,24.6,14.2,6,4.22,28.5
Bregman, Alex,608324,2022,0.454,0.366,88.9,19.5,36.2,7.3,9.4,24.3,32.6,23.3,2.9,37.8,98.378645333,65.8,9.5,17.7,32.4,67.6,53.2,76.3,7,90.5,46.8,42.7,14.9,40.3,45.1,34.7,20.2,55.7,33.5,32.6,24.5,9.4,,4.61,26.5
Gallo, Joey,608336,2022,0.357,0.280,89.6,23.8,29.3,17.6,8,14.4,34.6,17.6,8,50.5,103.219150538,70.1,31.1,27.5,61.9,37.3,53.2,79.8,7.5,68.4,46.8,44.3,40.6,47.4,48.4,34,17.6,62,28.2,39.4,20.2,12.2,,4.58,27.1
Kelly, Carson,608348,2022,0.334,0.282,87.7,14.7,33.2,5.2,7.2,22.8,30,30,4.4,36.8,98.3885,62.6,13.8,24.4,40.1,59.9,49.6,74.5,7.7,86.2,50.4,45.1,21.1,43.6,38.8,39.2,22,58.5,40.8,28.4,22.8,8,,4.82,25.6
Seager, Corey,608369,2022,0.455,0.317,91.1,13.6,38.4,10.5,9.9,24.2,25.1,28.1,1.8,45.5,101.598305628,80.6,14.9,30.5,54.8,45.2,52.2,92.4,7.5,85.1,47.8,42.9,26.5,54.5,39.6,35.6,24.8,65.1,40.2,30.3,25.9,3.6,,4.67,26.1
Winker, Jesse,608385,2022,0.344,0.344,87.7,16.8,32,7.6,3.1,26.1,31.5,28.1,3.4,34.3,98.674499266,68,14.3,18.8,40,60,50.1,78.1,6.8,85.4,49.9,44.3,19.9,43.3,36.5,37.4,26.1,54.3,38.8,28.9,22.5,9.8,,4.67,25.4
Mazara, Nomar,608577,2022,0.352,0.316,86.1,17.6,35.3,4.2,8.4,26.1,30.3,27.7,3.4,32.8,97.016111333,65,19.5,29.7,41.4,58.6,52.4,68.6,7.1,80.5,47.6,40.6,26.8,46.5,33.6,38.7,27.7,58.5,36.1,29.4,26.9,7.6,,4.57,26.3
Plawecki, Kevin,608700,2022,0.286,0.285,89.3,11.4,28.3,0,6.5,26.8,27.5,36.2,2.2,37.7,99.158922794,65,12.3,28.4,37.4,61.6,50,71.2,9.5,87.2,50,42.7,19.9,46.7,37.7,40.6,21.7,61.8,47.8,21,25.4,5.8,,4.91,24.8
Refsnyder, Rob,608701,2022,0.497,0.384,89.9,13.1,49.1,10.9,11.8,31.8,15.5,27.3,2.7,44.5,100.556991091,59.1,20.4,25.1,35.6,64.4,48.9,73.4,8.7,79.6,51.1,44.3,24.8,42.5,39.1,32.7,28.2,62.7,37.3,24.5,34.5,3.6,,4.47,27.1
Reynolds, Matt,608703,2022,0.332,0.320,90.2,5.6,36.5,3,9,26.3,16.8,43.1,0.6,42.4,99.450327831,59.1,15.3,25.4,59.2,40.8,52.3,59,7.3,84.7,47.7,40.5,29.2,41.5,26.3,42.5,31.1,60.7,51.5,20.4,26.3,1.8,,4.58,27.4
Meneses, Joey,608841,2022,0.563,0.367,91.4,9.5,39,9.9,5.8,26.7,19.2,35.5,2.3,47.1,101.552249535,66.6,16.4,30.4,38.5,61.5,50.2,64.5,8.1,83.6,49.8,41,23.3,48.4,34.3,37.8,27.9,67.1,47.7,23.8,25.6,2.9,,4.71,25.8
Cordero, Franchy,614173,2022,0.397,0.298,89.7,12.7,39,12.3,10.4,21.4,22.1,25.3,8.4,45.5,103.480728533,70,27,30.7,57,42.5,53.5,77.6,7,72.1,46.5,41.6,37.1,48.9,40.3,34.4,25.3,60.9,39.6,27.9,26.6,5.8,4,4.27,28.6
Reyes, Franmil,614177,2022,0.365,0.273,92,9.9,27.8,11.3,8.5,19,22.2,37.7,1.1,45.8,102.075082606,68.5,25.2,28.3,63.8,36.2,51.6,74.2,6.9,74.8,48.4,42.7,37.1,47.8,37.7,34.9,27.5,61.3,47.9,22.9,22.2,7,,4.8,26.0
Torrens, Luis,620443,2022,0.298,0.283,90.3,8.9,34,4.9,4.9,35.9,19.4,31.1,2.9,46.6,99.276666863,66.3,15.8,25.9,57.1,42.9,47.9,78.3,8.9,84.2,52.1,43,26.7,47,29.1,42.7,28.2,62.7,46.6,17.5,30.1,5.8,,4.79,26.0
Swanson, Dansby,621020,2022,0.447,0.329,90.2,15.7,37,10.8,8,27.1,25.3,26.4,2.2,46.3,100.839209567,72.4,23.8,26.3,49.6,50.4,49.9,84.2,8.1,76.2,50.1,44.1,30.7,49.4,38.7,36.4,24.9,67.5,38.3,29.4,26.8,5.4,9,4.33,28.4
Newman, Kevin,621028,2022,0.372,0.314,85.8,13.1,31.7,1.6,3.3,28.8,25.9,33.3,6.2,27.2,96.298301429,64.9,9.1,31.2,29.2,70.2,49.8,69.2,8.4,90.3,50.2,46.8,15.6,48.1,37,42.8,20.2,65.4,44,18.9,28,9.1,,4.39,27.9
Taylor, Chris,621035,2022,0.373,0.304,87.4,20.4,40.8,10.2,6.1,24.5,31.8,21.2,5.7,38,98.711167025,75.2,32.4,23,66.4,33.6,48.3,88.6,8.4,67.6,51.7,44.1,39.9,49.9,41.6,32.7,25.7,62.1,32.2,32.7,28.6,6.5,,4.35,28.5
Correa, Carlos,621043,2022,0.467,0.366,89.9,11.6,35.3,11.4,5.7,25.4,23.7,29.4,4.4,44.7,101.992873251,63.2,15.3,27,36.6,63.4,52,70.6,7,84.7,48,42.4,22,44.4,38.5,39.5,22,58.2,42,25.9,25.7,6.4,1,4.58,27.1
Phillips, Brett,621433,2022,0.249,0.213,88.5,22.8,32.1,4.5,5.4,25,34.8,23.2,7.1,29.5,97.432571887,63.8,33,22.6,54.8,40.4,46.8,77.3,9,65.5,53.2,41.6,38.2,44.5,46.4,33.9,19.6,62.2,33.9,30.4,23.2,12.5,3,4.15,28.9
Taylor, Tyrone,621438,2022,0.442,0.286,88,16.9,34.7,9.9,7.3,20.8,27.7,28.1,5.8,37.6,99.154219632,68.8,15.7,32.3,50.2,49.8,49,77.5,6.7,84.1,51,41.8,26.5,50.9,40.9,38.3,20.8,63,38.3,33.2,21.5,6.9,2,4.5,28.5
Buxton, Byron,621439,2022,0.526,0.306,92.9,21.4,34.2,16.4,7.1,18.7,31.6,23.6,2.7,50.2,103.777473894,66.1,25,26.8,57.4,42.6,49.2,83.2,8.2,75,50.8,41.4,34.1,46.8,54.2,27.6,18.2,56,30.7,36,21.3,12,23,4.16,29.1
Ward, Taylor,621493,2022,0.473,0.360,90,15.8,41.8,12.4,7.4,26.3,25.3,25,3.4,42.9,100.184571947,62.2,16,20.5,40.9,58.7,49.8,78.9,7,84,50.2,44.3,22.2,41.4,38.4,36.1,25.5,58.7,35.5,31.3,27.1,6.1,6,4.4,28.4
Nido, Tomas,621512,2022,0.324,0.265,86.3,8.3,40.1,6.3,8.1,24.8,15.3,35.1,9.9,33.3,97.78503301,81.6,29,42.1,43.5,54.4,53.2,91.3,6.5,69.5,46.8,44,34.4,60.5,26.6,43.7,29.7,69.6,53.2,19.4,24.8,2.7,,4.82,25.6
Wisdom, Patrick,621550,2022,0.426,0.298,90.7,21,29.8,14.2,6.2,15.6,33.2,24.6,4.8,46.3,102.164032394,70.5,26.3,26.4,61.6,38.1,50.6,83.6,8,73.7,49.4,43.8,36.4,48.1,48.1,32.2,19.7,64.8,34.9,31.8,20.4,12.8,,4.5,27.8
Wendle, Joey,621563,2022,0.360,0.296,87.5,3,27.9,1.7,5,25.2,21.3,42.9,3.7,36.2,98.002213624,66.6,10.1,39.8,27.8,69.8,50,73.1,7.3,89.2,50,42.2,16.7,53.2,31.6,37.2,31.2,68.2,55.1,19.3,23.3,2.3,,4.29,27.3
Olson, Matt,621566,2022,0.477,0.325,92.9,16.1,33.8,13.6,7.6,22,27.6,27.1,2,50.9,103.665099911,73.9,23.3,28.4,41.6,58.2,53.6,80.4,6.7,76.6,46.4,41.7,28.9,49.5,38.7,39.3,22,62.6,39.6,28.4,22,10,,4.65,26.3
Duffy, Matt,622110,2022,0.311,0.308,87.1,9.9,38.8,2.8,5.1,28.7,24.2,37.6,1.1,25.8,96.07908618,64.1,11.8,25.6,49.1,50.9,47.8,73.4,6.9,88.2,52.2,45.5,21.8,45.7,24.7,39.9,35.4,57.9,46.1,25.8,25.3,2.8,,4.56,26.8
Margot, Manuel,622534,2022,0.375,0.325,89.5,10.2,30.9,3.7,3.7,28.3,24.2,34.6,5.2,37.9,99.958428538,74.4,15.6,32.5,44.3,54.5,51.8,78.6,8,83.4,48.2,42.9,24.7,52.7,26,46.8,27.1,60.2,46.1,17.5,26.8,9.7,3,4.34,27.9
Camargo, Johan,622666,2022,0.316,0.295,86.4,11.6,37.1,2.6,2.6,24.1,30.2,34.5,6,27.6,96.285072982,68.1,19.2,33.8,33.6,66.4,56.4,72.7,6.1,80.8,43.6,42.6,24.9,48.7,41.4,33.6,25,62,43.1,22.4,26.7,7.8,,4.72,24.8
Reyes, Victor,622682,2022,0.362,0.289,87.9,10.9,35.5,5,5,31.4,21.9,30.6,6.2,36.8,98.899174333,71.5,24.6,42.6,30.7,68.6,53.5,75.9,6.8,73.9,46.5,44.1,27.1,56,38,34.7,27.3,59.2,45.5,19.4,28.5,6.6,,4.5,27.5
Mateo, Jorge,622761,2022,0.379,0.265,86.8,14.8,35.5,6,5.7,21.6,29.5,30.7,6.3,32.7,98.63578407,72.6,20.1,36.6,50.8,48.4,51.9,79.5,7.4,78.1,48.1,41.1,30.9,53.9,34.9,36.1,29,67.9,38.6,25.9,26.7,8.8,69,4.2,30.1
Heineman, Tyler,623168,2022,0.268,0.270,82.7,19.9,34,0,0.7,30.6,36.1,20.8,11.8,13.2,92.651305672,73.5,9.8,36.5,26.9,71.3,49.2,71.4,9.3,88,50.8,44,15.3,55.3,38.2,34.7,27.1,64.9,39.6,25.7,22.2,12.5,,4.45,26.7
Velazquez, Andrew,623205,2022,0.304,0.232,88,8.2,33,6.6,6.6,24.1,18.9,33.5,9.9,34,98.780373093,76.7,26.5,29.4,55.1,43.3,48.3,87,7.6,70.4,51.7,43.9,34,53.9,30.7,43.4,25.9,67,50.9,24.5,20.3,4.2,35,4.23,29.2
Ramirez, Harold,623912,2022,0.404,0.343,88.5,4.8,32.2,4.8,6.6,26.9,17.9,37.3,6.3,41.2,101.050881737,72.8,16.5,41.8,39.5,60.5,52.9,75.8,6.3,83.5,47.1,40.8,25.5,56.4,35.8,43.3,20.9,65.9,51.9,16.4,26.3,5.4,1,4.33,28.1
Santander, Anthony,623993,2022,0.455,0.318,90.1,21.4,33.5,11.6,8.1,21.7,31.9,23,3.7,43.3,101.330998114,65.5,14,32.5,34.4,65.6,53.8,70.7,6.9,86,46.2,43.1,21.5,47.7,43.1,35.7,21.2,59.8,32.2,28.7,23.4,15.8,,4.67,26.4
Alonso, Pete,624413,2022,0.518,0.352,89.8,18.2,34.5,12.3,4.8,23.8,30.1,24.1,4.8,44.8,102.849215397,70.8,15.7,33.5,38.1,61.9,56.2,84.7,5.5,84.3,43.8,44.2,24.2,49.9,41.4,34.1,24.5,56.4,36.4,30.5,23,10,,4.67,25.6
Arroyo, Christian,624414,2022,0.414,0.320,88.9,9.1,34.9,6.4,4.3,34,18.3,31.9,5.1,42.1,100.637264188,76.9,9.7,39.9,39.6,60.4,52.3,81.3,7.2,90.1,47.7,43.5,20.5,57.5,33.2,41.3,25.5,65.8,47.2,19.1,27.7,6,,4.42,27.8
Biggio, Cavan,624415,2022,0.350,0.317,87.9,19.6,36.2,6.9,8.6,23,32.8,27,1.1,32.8,97.288596395,62.4,19,16.4,54.5,44.6,48,82.2,7,80.3,52,44.5,25.9,40.3,46,31,23,60.4,35.6,37.4,19.5,6.9,,4.35,28.5
Frazier, Adam,624428,2022,0.311,0.299,85.1,13.6,37.7,1.5,4,28.9,28.5,32.8,4.2,24.5,95.048135872,68.3,9.1,28.8,27.2,71.8,49.5,79.4,8.6,90.6,50.5,42.9,14.4,48.7,35.1,38.1,26.8,61.7,41.8,23.8,27.8,6.5,,4.4,26.8
Trevino, Jose,624431,2022,0.388,0.283,87.9,13,31,5.1,4,24.8,31,29.2,4.4,35,98.396823259,60.7,14.9,40,29.9,69.3,51.9,62.1,6.9,84.8,48.1,42.8,21.1,50,35.4,40.5,24.1,63.7,40.9,27.7,23.4,8,,4.69,25.0
Gordon, Nick,624503,2022,0.427,0.314,90.6,12.5,36.6,9.4,8.1,26.2,21,33,2.3,44.7,99.949105229,78.7,20,39.1,44.3,55.7,48.8,86.3,6.6,79.6,51.2,43.3,27.8,59.4,41.1,32.7,26.2,66.3,42.1,29.8,25.6,2.6,1,4.41,27.8
McGuire, Reese,624512,2022,0.369,0.299,87,14.1,33.2,2.5,5.9,26.2,28.2,29.7,7.4,29.7,96.374747396,66.2,11,38.1,36.8,61.6,51.6,70.1,8,87.7,48.4,44.4,20.8,51.7,36.1,35.6,28.2,67.2,42.1,20.3,28.2,9.4,,4.51,26.0
Soler, Jorge,624585,2022,0.400,0.294,91.2,13.7,33.1,12.2,6.6,22.1,27.6,27.6,3.3,43.6,103.631341,69.2,23.1,25.8,51.1,48.9,53.4,83.1,6.5,76.9,46.6,42.6,31.5,46,49.7,34.3,16,57.4,43.1,27.6,21,8.3,,4.66,26.9
Sosa, Edmundo,624641,2022,0.369,0.274,86.8,11.4,34.4,5.5,6.3,25.8,22.7,34.4,5.5,29.7,97.432853438,69.6,17,45.6,51.6,47.7,52.1,70.8,7.4,82.6,47.9,41.7,31.4,57.1,42.2,31.3,26.6,65.3,46.9,20.3,26.6,6.3,19,4.32,29.5
Hernandez, Yadiel,628450,2022,0.410,0.312,88.8,3.5,35.6,8.6,7.7,28.8,15.5,34.3,3.9,42.1,98.936412348,72.9,23.5,31.5,42.5,57.1,51.7,81.9,7.2,76.3,48.3,43.8,29.5,51.5,28.3,45.5,26.2,61.2,50.6,23.2,25.3,0.9,,4.62,25.6
Cronenworth, Jake,630105,2022,0.390,0.330,87.6,18.2,32.3,5.6,6.9,20,37.1,25.2,4.7,34.1,97.917362826,60,11.3,21.6,38.3,61.3,47.5,71.2,7.2,88.6,52.5,43.2,18,41.8,34.3,36.2,29.5,62.4,36.2,34.1,21.1,8.6,1,4.34,28.2
Pinder, Chad,640461,2022,0.385,0.261,87.5,9.7,33.3,6.5,7.3,26,18.7,35,5.3,40.7,100.06829876,75.4,27.5,30,52.3,47.7,49.6,85.2,8,72.5,50.4,43.6,34.5,52.9,36.2,37.4,26.4,61.2,50,20.7,22.8,6.5,,4.7,25.9
Azocar, Jose,640492,2022,0.332,0.296,88.3,9.4,31.3,2.5,5,25,23.8,37.5,5,30.6,97.407050789,76,17.1,38.4,35.8,63.5,53.9,80.7,7.4,79.9,46.1,41.1,24.1,55.7,20,45,35,65.3,51.2,24.4,21.3,3.1,21,4.34,29.5
Anderson, Tim,641313,2022,0.395,0.339,88.2,3.3,37.5,5.8,5.4,31.8,10.8,41.5,4,41.2,98.957560507,75.9,15.4,41.5,36.3,63.7,52.2,77.4,7.3,84.6,47.8,44,23.2,57.9,31,39,30,65.4,55.2,17,27.4,0.4,29,4.32,28.3
Bellinger, Cody,641355,2022,0.389,0.265,89.4,20.3,34.4,8.3,5.8,25.3,35.8,23.3,1.1,38.1,98.149983833,68.1,22.4,31.6,37.5,62.5,49.9,83.2,7.3,77.5,50.1,44.5,27.2,49.9,45.8,33.1,21.1,60.2,35.6,32.8,22.2,9.4,2,4.23,28.1
Crawford, J.P.,641487,2022,0.336,0.338,85.1,8.9,32.4,2,4.7,24.3,24.3,37.3,6.5,29.7,96.663647706,61.9,9.2,20.5,29.6,68.4,49.8,73.9,6.7,90.4,50.2,43.7,14.3,41.3,33.7,39.3,27,55.2,46.5,18.2,27.2,8.1,,4.45,26.8
Delay, Jason,641511,2022,0.271,0.263,84.9,15.7,31.1,1.9,1.9,27.4,32.1,33,3.8,28.3,95.000275094,74.6,23.4,31.4,52.6,47.4,46.4,84.6,8,75.9,53.6,45.5,31.2,54.5,39.6,39.6,20.8,64.1,41.5,22.6,26.4,9.4,,4.74,26.1
Dozier, Hunter,641531,2022,0.387,0.292,88.5,13.1,33.1,7.7,5,25.4,26,32.2,3,38.5,99.977574226,71.5,14.8,33,55.3,44.4,54.2,80,6.4,85.2,45.8,41.5,29.2,50.6,40.5,36.7,22.8,64.8,42.9,24,25.1,8,,4.49,27.9
Engel, Adam,641553,2022,0.310,0.269,87.9,15,30.8,1.8,5.3,28.4,29.6,31.4,3,33.1,98.589188571,67.7,23.2,28.1,57.3,41.3,51.3,78.9,7.2,75.8,48.7,43.1,33.6,47.4,40.8,30.2,29,68,38.5,23.7,27.8,10.1,9,4.2,29.1
Fraley, Jake,641584,2022,0.468,0.344,85.1,13.8,33.5,7.3,5.5,25,25,32.3,3.7,27.6,96.829050864,68.8,15.7,25,46,52.4,51.6,79,6.4,84,48.4,43.8,24.1,45.9,44.5,29.9,25.6,58.3,43.3,28,23.2,5.5,,4.26,28.0
Garver, Mitch,641598,2022,0.404,0.298,88.9,18.4,37.2,8.8,11.7,21.2,32.1,24.1,2.2,38.7,99.517286232,61.5,19.7,21.8,42.4,57.6,48.3,69.6,8.4,80.3,51.7,41.7,25.3,42.3,56.2,24.1,19.7,59.1,34.3,38,21.2,6.6,,4.68,26.3
Guillorme, Luis,641645,2022,0.340,0.349,86.2,4.3,35.6,2.4,2.8,30.8,15.4,42.3,6.3,24.9,95.53920878,57.4,9,21.3,26.5,72.1,46.5,69.6,8.4,91,53.5,42.8,13.3,40.6,28.1,43.1,28.9,61.7,56.9,14.6,27.3,1.2,,4.52,25.9
Hampson, Garrett,641658,2022,0.307,0.283,86.5,10.2,29.8,4.3,4.3,18.4,26.2,33.3,11.3,27.7,96.783443077,60.3,15.8,27.7,47.5,49.2,48.9,78.5,7.3,81.3,51.1,41.6,25.4,44.4,31.2,41.8,27,62.4,52.5,19.9,22,5.7,23,4.25,29.5
Heim, Jonah,641680,2022,0.399,0.298,89.3,17,29.6,6.9,5.9,20.6,33,29.9,3.1,39.9,99.379567107,73,15.7,29.6,34.8,64,51.3,77.3,7.3,84.3,48.7,42.8,21.4,50.8,50.5,32.1,17.4,64.2,38.9,30.8,20.9,9.3,,4.79,26.0
Leblanc, Charles,641779,2022,0.404,0.320,87.3,16.9,36.9,8.7,5.8,23.3,27.2,27.2,7.8,32,98.569849412,62.6,13.3,27.3,51.5,46.5,51.8,70.4,7.7,85.3,48.2,41.8,25.5,44.3,42.7,24.3,33,69.8,37.9,28.2,25.2,8.7,,4.33,28.0
Mancini III, Trey,641820,2022,0.391,0.319,89.5,12.7,39.6,9.8,10.3,23.7,23.4,30.6,2.1,40.4,100.078586134,67.4,18.7,30.1,45.5,54.5,51.7,77.3,7.4,81.3,48.3,42.4,27.4,48.1,40.9,35.7,23.4,63,40.6,27.8,25.4,6.2,,4.77,25.6
McMahon, Ryan,641857,2022,0.414,0.327,91.7,10.8,36.4,10.4,6.7,27,21.1,30.2,4.3,46.5,102.094383676,63.4,20.9,25.4,48.1,51.9,48,77.2,7.4,79.1,52,44.4,28.2,45.2,35.3,36.4,28.3,64.8,44.7,27.5,26.2,1.6,,4.61,25.8
Neuse, Sheldon,641914,2022,0.288,0.273,89.1,1.5,23,3.1,2.6,27.7,13.1,49.7,1.6,38.2,98.983222447,70.2,16,31.4,51.9,48.1,50.3,75.3,8,84,49.7,40.8,27.2,50.7,24.6,41.9,33.5,62.1,62.8,15.2,20.4,1.6,,4.63,26.4
O'Neill, Tyler,641933,2022,0.392,0.308,89.8,13.6,36.6,11.3,6.7,22.3,24.8,30.7,3.8,43.3,101.028153782,68.1,23.7,25.7,48.8,51.2,51.4,74.2,7.5,76.3,48.6,41.8,30.9,46.3,42,35.7,22.3,59.3,42.4,25.2,25.2,7.1,37,4.28,29.8
Smith, Dominic,642086,2022,0.284,0.276,89.6,10.9,28.3,7.1,7.1,24.2,25.3,33.3,3,46.5,99.660695,67,15.3,26,50.6,49.4,52.7,77.1,8.3,84.7,47.3,45.6,26,45.4,33.3,45.5,21.2,60.5,47.5,28.3,20.2,4,,4.52,26.3
Tellez, Rowdy,642133,2022,0.461,0.306,91.1,15.3,31.4,12.9,7.3,21.4,26,28.7,3.2,46,102.553838927,61.2,16.4,27,39.5,60.5,51.8,68.2,7.1,83.3,48.2,41.8,23.8,43.5,37.7,43.6,18.7,57.2,39.7,29.9,20.4,10,,4.83,23.9
VanMeter, Josh,642165,2022,0.292,0.266,88.1,14.3,37.5,4.7,7,29.7,30.5,24.2,3.9,33.6,97.489094531,54.7,13.9,13.7,51,49,44.5,67.1,8.7,85.7,55.5,41.4,20.1,36.4,34.4,40.6,25,58.9,39.1,32,25,3.9,,4.62,26.1
Wade, Tyler,642180,2022,0.272,0.264,83.9,11.5,37,1.7,3.4,18.5,26.9,28.6,21,16,93.738133673,67.2,12.9,25.9,35.4,57,48.6,86.7,7.2,82,51.4,43,18.9,47.1,32.8,38.7,28.6,64.4,49.6,20.2,24.4,5.9,7,4.16,29.0
Mejia, Francisco,642336,2022,0.381,0.264,86.8,15.7,39.1,2.7,5.8,29.8,32.4,27.1,2.2,28,96.324122655,73,14.7,51.3,34,65.7,54,71.8,6.5,85,46,41.9,23.4,61.2,42.2,36,21.8,66.9,36.9,26.2,28.9,8,,4.42,26.9
Siri, Jose,642350,2022,0.339,0.268,87.2,15.4,35.1,6.2,5.2,23.7,28.9,29.9,6.2,33,99.295575789,69.3,26.8,36.4,51,48.2,53.6,75.3,7.4,73.2,46.4,40.9,35.9,51.7,38.1,37.1,24.7,65.8,43.3,25.8,19.6,11.3,46,4.2,30.4
Rosario, Amed,642708,2022,0.403,0.312,88.4,5,31.1,4.5,5.5,24.5,18.1,42.6,4.5,38.3,99.690201132,67,15.4,40,29.9,70.1,51.3,70.1,7.4,84.6,48.7,42.7,21,53.1,30.4,40.6,29.1,64.9,52.5,16.8,25.7,5.1,91,4.17,29.5
Adames, Willy,642715,2022,0.458,0.298,88.9,18.9,36.4,13,6.5,22.2,29.2,25.2,4,43.6,100.099002736,71.1,20.1,29.9,46,54,52.3,81,7.3,79.9,47.7,42.7,28.2,49.6,37.7,36.7,25.7,59.8,34.2,33.4,22.7,9.7,1,4.41,27.8
Alcantara, Sergio,642727,2022,0.356,0.259,86.6,13.5,32.5,1.9,3.9,26.6,29.9,33.8,3.9,32.5,95.873264737,58.8,15.7,26.4,42.3,56.1,49.5,72.1,7.2,83.9,50.5,43.9,23.8,42.8,40.3,31.8,27.9,58,45.5,30.5,20.8,3.2,,4.43,27.6
Estrada, Thairo,642731,2022,0.400,0.322,86.2,8.1,31.6,4.4,4.7,24.2,21,38.5,6.7,31.1,97.092146345,67.3,11.7,32.3,35.5,62.7,51.6,87.4,6.5,87.5,48.4,45.8,19.7,49.2,40,37.5,22.5,63.4,51.4,20.5,21,7.2,6,4.3,28.3
Wynns, Austin,642851,2022,0.358,0.311,84.1,10.4,31.7,4,4,23.8,25.4,31.7,11.1,27,96.162621587,54.6,13.4,31.3,41,58.1,47.7,57.8,6.4,86.6,52.3,42.7,22.9,43.5,37.3,33.3,29.4,65,46.8,23,23.8,6.3,,4.87,24.9
Benintendi, Andrew,643217,2022,0.399,0.372,89.2,12.6,39.2,5.1,6.2,30,25.1,30.8,2.8,38.7,98.21078057,73.3,18.1,22.6,29.2,70.8,49.5,82.6,8,81.7,50.5,42.2,20.7,48.2,29,41,30,58,43.8,26.7,25.9,3.6,1,4.38,27.5
Cooper, Garrett,643265,2022,0.415,0.337,89.6,8.8,39,10.7,8.3,26,18.3,31,5.3,43.7,101.295185,61,16.8,30.3,40.8,59.2,51.3,77.1,7,83.2,48.7,41.1,25.1,45.2,33.3,39.7,27,64.8,45.3,25,28.7,1,,4.66,26.2
Dubon, Mauricio,643289,2022,0.313,0.249,84.7,16.7,28.1,2.3,5.9,22.6,33,28.1,8.1,29.9,96.436572294,72.7,12.2,38.3,20.9,78.5,49.5,81.4,7.5,86,50.5,42.9,15.2,55.7,34.4,43,22.6,66.5,39.4,31.7,20.4,8.6,,4.28,28.2
Jansen, Danny,643376,2022,0.516,0.339,90.4,22.2,34.7,13.1,6.3,22.7,33,21,3.4,46.6,101.172294886,67.4,16.5,21,40.6,59.4,47.7,72,8.5,83.2,52.3,43.3,21.8,45.3,50,35.2,14.8,60.1,33.5,32.4,18.8,15.3,,4.51,27.5
Kemp, Tony,643393,2022,0.334,0.305,84.4,15,33.9,1.6,4.1,23.6,30,33,7.3,14.9,93.050155144,68.3,9.1,29.4,22.3,76.3,49.8,75.7,8.5,89.7,50.2,44.3,13.1,48.9,39,38.1,22.9,60.2,43.3,24.3,22.9,9.4,,4.46,26.2
Kiner-Falefa, Isiah,643396,2022,0.327,0.313,86.2,4.3,29.6,1.2,4.3,26.5,18.1,43.2,6.4,30.1,96.614692718,57.9,5.9,30.9,21.6,78.4,48.6,69.8,8.9,93.8,51.4,45,11.2,44.7,31.5,38.9,29.6,62.5,55.8,14.8,23.6,5.7,,4.27,28.4
McNeil, Jeff,643446,2022,0.454,0.382,86.9,12.8,39,2.7,5.2,29.8,27.5,31.2,3.6,30.2,96.275278692,77.6,12.2,29.1,26,73,49.2,86.2,7.4,87.1,50.8,42,15.9,53.8,33.3,39.8,26.8,59.5,41.3,22.9,30,5.9,,4.16,27.4
Schwindel, Frank,643524,2022,0.358,0.277,88.1,10.2,31.6,4.7,7.9,24.7,22.8,37.2,1.9,35.5,98.512789626,73.8,20.7,36.8,37.2,62.8,52.2,75,7.4,79.3,47.8,41.8,26.5,54.7,42.3,34.4,23.3,65.1,47.4,21.9,23.3,7.4,,4.67,25.5
Chang, Yu,644374,2022,0.315,0.289,88.8,14.3,35.1,9,5.4,19.8,29.7,31.5,4.5,36.9,99.67517875,67.6,19,28.3,52.7,47.3,51,70.5,8,81,49,45.7,29.3,47.5,39.6,39.6,20.7,58.9,41.4,28.8,25.2,4.5,,4.52,28.4
Albies, Ozzie,645277,2022,0.409,0.294,87.1,16.9,34.8,5.4,6.9,23.5,33.3,28.4,2.5,26.5,96.497792157,81.2,15.1,42.6,33,66.7,59.6,92.2,6.2,84.9,40.4,39.8,22.9,58.2,46.6,35.3,18.1,65.4,38.7,31.9,21.1,8.3,3,4.2,27.5
Robles, Victor,645302,2022,0.311,0.265,84.6,15.8,29.2,3.2,3.2,20.6,27.8,28.5,16.6,23.8,96.221152581,73.1,18.3,33,48.4,49.8,48.2,84.8,8.8,78.5,51.8,40.1,27.2,53.8,40.1,36.1,23.8,68.1,45.8,19.9,23.1,11.2,27,4.36,28.7
Devers, Rafael,646240,2022,0.521,0.358,93.1,11.3,33.1,11.5,7.7,23.9,22.5,32,2,50.9,103.784239231,76.4,22,36.2,39,60.7,54.2,88,7.4,77.7,45.8,41.4,28.1,54.6,28.2,44.8,27,62,42.3,23.9,26.4,7.4,,4.57,25.5
Naylor, Josh,647304,2022,0.452,0.319,89.4,10.3,28.9,8.6,6.4,21.9,23.3,35,4.3,42.8,101.054916237,72.8,12.9,32.9,31.8,68.2,54.7,77.3,6.7,87.1,45.3,42,19.5,51,42,37.2,20.9,59.7,49.5,22.5,20.9,7.2,,4.63,25.3
Toro, Abraham,647351,2022,0.324,0.239,87,16.7,31.2,6.8,4.6,19.4,36.1,30.8,2.3,29.7,97.172547348,64.2,14.8,30.8,35.6,63.5,50.4,61.6,6.4,84.7,49.6,42,21.6,47.3,42.2,36.1,21.7,59.9,38.8,35,18.3,8,,4.31,28.0
Diaz, Aledmys,649557,2022,0.403,0.287,86.6,12.4,30.3,6.3,5.9,24,24.8,30.3,8.3,36.8,99.127629206,74.2,16.3,33,35.8,64.2,52.7,85.2,7.5,83.7,47.3,41.7,22.7,52.4,45.3,33.5,21.3,62.4,39.8,24.4,28.3,7.5,1,4.34,27.7
Urias, Luis,649966,2022,0.404,0.335,87.3,18,34.3,8.3,5.4,24,31.1,25.3,5.1,35.3,97.964867677,63.2,19.6,23.2,29.3,70.7,50,74.7,7.8,80.4,50,42.9,22.2,43.2,42.3,34,23.7,62.3,36.5,34,21.8,7.7,,4.63,26.4
Diaz, Lewin,650331,2022,0.288,0.224,88.3,15.6,29.6,5.6,4.6,18.5,38,30.6,2.8,28.7,97.258491481,59.8,19.5,33.6,39.8,60.2,52,72.5,7,80.5,48,42.3,27.2,46.2,43.5,36.1,20.4,58.6,37,35.2,21.3,6.5,,4.76,24.6
Arraez, Luis,650333,2022,0.420,0.375,88.9,12.9,38.7,3.6,5.7,30.6,27.6,31,1.4,30.2,96.195004348,63.2,5.7,24.1,10.3,89.7,52,68.1,6.8,93.9,48,44,7.1,42.9,28.4,41.2,30.4,51.3,41.2,25.4,29.8,3.6,,4.49,26.8
Jimenez, Eloy,650391,2022,0.500,0.358,92.8,7.4,31.7,14.7,8.5,21.4,14.3,39.7,1.3,54.9,103.54562625,71.5,22.5,32.2,44.5,55.5,55.1,85.5,7,77.5,44.9,40.1,30.3,49.8,30.4,45.1,24.6,63.6,50,25.4,21.9,2.7,,4.62,25.7
Torres, Gleyber,650402,2022,0.451,0.309,90.4,17.5,36.2,10.7,8.5,23.7,30.4,23.7,3,45.3,100.5348042,72,22,27.6,40.2,59.8,50.6,75.8,7.4,77.7,49.4,41.2,27.1,49.6,35.9,35.4,28.7,64.4,35.9,32.7,24.2,7.2,,4.51,26.9
Castro, Willi,650489,2022,0.367,0.283,84.8,13.9,35.5,3.5,4.2,29.3,25.4,31.4,5.9,31.4,97.165751549,77,18.5,39.9,47.1,51.9,50.7,82.7,7.2,81,49.3,43.9,28.4,58.2,32.1,40.4,27.5,67.1,42.9,24.4,23.7,9.1,,4.29,28.4
Diaz, Yandy,650490,2022,0.423,0.401,92.2,7.7,30.7,4.8,8.9,26.1,20.5,36.7,1.7,49,103.107838195,63.6,9.6,19.6,29,71,50.7,73.4,8.2,90.4,49.3,42,14.3,41.3,29,37.9,33.1,52.2,50,19.6,24.4,6,,4.53,27.1
De La Cruz, Bryan,650559,2022,0.432,0.293,90.8,9.8,43.6,11.9,6.2,28.4,18.1,31.3,4.1,47.3,101.407773607,70.6,21.3,31.2,43,57,54.4,74.7,5.7,78.7,45.6,43.2,28.7,49.2,38.7,40.3,21,61.7,42.4,24.7,30.5,2.5,1,4.52,27.8
Rengifo, Luis,650859,2022,0.429,0.294,86.9,9.9,31.1,5.4,4.9,23.1,23.8,37.7,5.1,33.6,98.09743639,77.4,14.1,34.8,37.5,62.5,51,87.7,7.2,85.8,49,41.4,21.5,55.7,38.7,44.8,16.5,62.6,48.2,23.6,21.2,7.1,,4.31,27.9
Adams, Riley,656180,2022,0.310,0.245,90.2,13.5,25,9.4,9.4,14.6,24,38.5,3.1,45.8,101.327463958,58.9,18.5,33.9,47.7,51.4,53.4,73,6,81.5,46.6,46.2,30.1,45.6,45.8,28.1,26,65.2,44.8,28.1,18.8,8.3,,4.62,26.7
Chapman, Matt,656305,2022,0.433,0.324,92.2,19,34,12.9,8.8,24.1,28.7,22.5,2.7,51.2,102.906606237,64.1,24,19.2,44.7,55.3,49.9,77.4,7.9,76,50.1,43.5,28.7,41.7,44.8,36.5,18.8,57.1,34.6,30,22.3,13.1,,4.44,28.4
Chavis, Michael,656308,2022,0.389,0.265,85.4,11.1,33,7.5,6.1,22.9,24,29.7,9.3,38.7,99.520768345,76.6,20.9,39.2,49.8,50.2,50.4,80.5,7.4,79.1,49.6,43.7,30.8,57.7,38.7,40.1,21.1,70.9,44.8,21.9,24.4,9,1,4.36,28.9
Hilliard, Sam,656541,2022,0.264,0.280,92,13.4,27.7,9.2,9.2,19.3,26.9,32.8,2.5,48.7,102.616565833,67.6,28.4,19.9,57,43,49.7,79.6,6.2,70.9,50.3,46.1,34.8,43.9,31.9,48.7,19.3,57,44.5,26.1,21,8.4,4,4.2,28.7
Hoskins, Rhys,656555,2022,0.462,0.332,90.1,18.1,37.3,11.1,5.9,25.5,30,24.8,2.6,44.3,100.842284953,60.7,17.3,23.2,47.6,52.4,50.3,74,6.9,82.7,49.7,44,25.7,41.9,45,32.3,22.6,57.3,36.3,33,22.9,7.8,,4.73,25.9
Joe, Connor,656582,2022,0.359,0.338,85.3,10.6,35.1,4.5,3.9,26,25,34.1,5.5,33.8,97.624297516,58.4,14.6,21.6,39.8,60.2,48.9,69.7,8,85.2,51.1,41.9,21.2,40.4,36.4,39.6,24,64.7,47.1,19.5,26.3,7.1,,4.57,26.8
Luplow, Jordan,656669,2022,0.361,0.274,87.2,17.7,24,7.5,4.8,22.6,30.8,28.8,4.8,32.9,97.877095068,72.3,22.1,24.3,52.4,46.8,50.8,88.2,6.8,77.1,49.2,45.3,29.9,47.9,50,29.5,20.5,53.2,41.1,32.9,14.4,11.6,,4.45,27.8
McKinstry, Zach,656716,2022,0.361,0.270,86.4,12.9,41.4,4.3,6,31,25.9,26.7,6,30.2,96.760488421,66.1,13,28.4,38.8,60.3,51.6,72.1,8.6,86.6,48.4,40.7,21.1,46.6,42.2,27.6,30.2,61.1,39.7,25,31,4.3,,4.31,28.3
Mullins II, Cedric,656775,2022,0.403,0.317,88.8,17.4,29.3,4.9,5.9,23,32.4,28.7,4.5,37.3,98.895231356,71.4,16.7,29.7,36.5,63,48,80.1,8.8,81.9,52,43.6,22.2,51.3,41.8,33.2,25,59.9,41,26.4,21.1,11.5,18,4.16,28.5
Rivera, Emmanuel,656896,2022,0.409,0.292,90.4,9.8,32.3,9.3,6,21,23.8,38.3,1.6,38.3,99.960196371,72.6,16.2,28.1,50,50,50.6,80.4,7.7,83.8,49.4,44.1,25.8,50.1,39.1,34.7,26.2,63.5,49.2,26.2,20.6,4,,4.68,26.9
Schwarber, Kyle,656941,2022,0.504,0.323,93.3,19.2,35.4,20.1,8.7,17.4,27.7,21.4,4.5,54.4,104.793857287,60.6,22.3,21.7,46.7,52.3,51.5,70.2,6.3,77.1,48.5,44.1,29,40.6,42.5,37.7,19.8,59.7,34.3,33.8,20.6,11.3,,4.51,26.4
Smith, Pavin,656976,2022,0.367,0.300,87.9,15.2,28.7,9.9,3.3,21.5,29.3,30.9,5,35.9,98.397917802,55.9,13.7,24.1,39.1,60.9,51.6,65.4,7,85.7,48.4,44.5,21.7,39.5,38.1,35.4,26.5,59.8,43.6,29.8,17.7,8.8,,4.57,26.5
Thomas, Lane,657041,2022,0.404,0.301,86.4,12.5,32.6,6.5,5.7,22.4,26.4,33.2,4.9,34.5,98.449522283,61.6,14.7,25.8,37.1,62.9,48.8,76,7.6,85.3,51.2,42.9,21.1,44.1,41.8,34.8,23.5,59.5,45.3,21.3,21,12.4,39,4.38,29.4
Verdugo, Alex,657077,2022,0.405,0.328,89.1,8.4,37.8,6,7.6,27.3,22.8,33.9,2.3,38.2,99.112574241,64.1,9.6,24.9,32,68,48,75.9,7.7,90.4,52,44.1,15.5,45.3,30.4,41.5,28.1,59.8,46.2,23,26.5,4.3,,4.38,26.8
DeJong, Paul,657557,2022,0.286,0.245,87.6,21.7,25.6,9.8,5.3,20.3,39.1,20.3,5.3,37.6,99.542111493,70.8,26.8,27.7,55.8,43.5,51,82.5,6.4,73.2,49,43,35.2,48.8,45.1,24.8,30.1,64.1,32.3,34.6,21.8,11.3,,4.47,27.8
Laureano, Ramon,657656,2022,0.376,0.287,88.7,14.9,28.9,11.6,4.1,23.6,26.9,29.3,4.5,38.4,100.041538347,64.2,20.1,28.8,52.7,47.3,50.4,70.1,8.4,79.7,49.6,43.5,30.3,46.4,41.3,32.2,26.4,62.4,43.4,30.2,18.6,7.9,,4.43,27.6
Sheets, Gavin,657757,2022,0.411,0.295,88.6,14.8,32.3,6.5,6.1,21.4,29.6,34.7,1,36.1,98.93534363,63.7,15.5,33.2,33.1,66.9,52.4,69.4,6.5,84.5,47.6,41.3,21.9,47.7,38.4,36.7,24.8,62,41.2,24.8,23.5,10.5,,4.52,26.6
Olivares, Edward,658668,2022,0.410,0.333,89.2,6.6,34.9,6.3,5.6,28.6,16.7,38.9,3.2,38.9,99.966220794,70.1,17.9,33.3,39,61,51.4,86.8,5.5,82.1,48.6,41.2,24.9,51.2,43.7,39.7,16.7,66.7,47.6,19.8,28.6,4,1,4.36,28.6
Moncada, Yoan,660162,2022,0.353,0.273,88.7,15.7,35.1,9.8,6.3,22.1,30.2,28.8,2.1,37.5,99.519949858,65.9,18.5,28.1,50,49.6,49.9,80,7.8,81.5,50.1,42.9,27.8,47.1,34.7,41.1,24.2,60.4,39.3,32.6,21.1,7,,4.39,27.4
Ohtani, Shohei,660271,2022,0.519,0.356,92.9,12.1,35,16.8,5.6,24.5,19.9,29.9,3,49.8,103.823624272,72,23.1,28.3,39.9,60.1,52.1,86.8,6.8,76.9,47.9,44.7,28.1,49.3,36,36.2,27.8,60.4,43,30.1,23.6,3.3,9,4.09,28.3
Tsutsugo, Yoshi,660294,2022,0.229,0.249,88.8,10.1,32.3,5.6,3.2,22.6,28.2,40.3,0,36.3,98.366657419,64.9,13.7,25.4,40.5,59.5,53,79,7.2,86.3,47,41.6,21.9,44,29.8,38.7,31.5,60.1,47.6,23.4,22.6,6.5,,4.47,26.0
Castillo, Diego,660636,2022,0.382,0.251,89.1,14.6,37.7,9.9,8.4,21.5,25.7,32.5,2.1,38.7,98.736440729,57.1,18.3,30.4,42.3,57.7,50.1,68.8,8.4,81,49.9,41,26.7,43.7,40.8,36.1,23,59.7,41.4,34,20.4,4.2,,4.57,27.3
Brujan, Vidal,660644,2022,0.259,0.228,86.1,14.2,30.4,2.7,2.7,23.2,34.8,34.8,1.8,27.7,96.400896071,71.3,14.1,31.9,34,66,52.8,85.1,7.7,85.9,47.2,41.5,20.7,50.5,40.2,30.4,29.5,60.5,46.4,22.3,21.4,9.8,2,4.28,28.5
Acuna Jr., Ronald,660670,2022,0.413,0.351,91.2,10.8,32.8,12.8,6.1,21.8,20.3,32.3,5.8,49.7,103.759318129,73.4,19.6,24.3,39.9,60.1,52,82.5,7.7,80.4,48,42.5,24.9,47.9,40.4,39.5,20.1,60.8,47.7,24.7,21.2,6.4,25,4.27,28.5
Ruiz, Keibert,660688,2022,0.360,0.312,88,14.9,36.3,3.7,7.5,28.8,26.8,28.8,3.2,32.3,97.283247895,72.2,9,31.3,27.5,72.5,52.1,68.5,7.2,91,47.9,41.6,14.9,50.9,49.6,34.6,15.9,61,40.6,25.1,28.2,6.1,,4.77,25.3
Montero, Elehuris,660707,2022,0.432,0.270,89.8,13.2,34.5,8.6,6.9,25.9,27.6,28.4,2.6,39.7,100.524698276,70,21.7,35.9,60.3,39.7,52.1,71.9,9.5,78.3,47.9,37.2,35.5,52.2,37.9,47.4,14.7,71.9,36.2,28.4,28.4,6.9,,4.66,26.9
Gonzalez, Oscar,660757,2022,0.461,0.327,88.6,5.4,32.5,7.3,4.8,28.4,18.3,36.3,4.2,40.1,101.045260903,74.3,17.9,46.5,38.6,61.4,54.2,76.3,6.6,82.1,45.8,41.7,26.7,59.3,38.8,39.8,21.5,68.2,49.8,18.3,26.6,5.2,2,4.35,28.9
Yepez, Juan,660766,2022,0.447,0.296,86.5,17.1,33.2,9.2,5.6,17.3,33.2,28.6,6.1,33.7,98.66909102,73.6,16.3,37.1,43.8,56.2,52.4,87.1,8.2,83.7,47.6,39.9,26.1,54.5,42.9,37.2,19.9,65.3,37.8,31.1,19.9,11.2,,4.66,26.8
Sanchez, Jesus,660821,2022,0.403,0.280,89.5,11,25.7,9.9,3.2,21.2,25.7,35.1,5,40.5,101.710457117,66.7,18.8,32.5,47.6,52.4,55.3,79.2,7.6,81,44.7,42.6,29.6,47.8,41.9,30.6,27.5,59.8,46.8,26.6,19.4,7.2,,4.48,27.3
Contreras, William,661388,2022,0.506,0.354,90.4,6.1,31.9,13.4,4.7,24.6,15.5,37.1,4.3,46.6,102.334962328,62.8,25.8,28.8,50.2,49.8,53.6,74.7,6.1,74.2,46.4,41.3,34.3,44.6,36.6,41.8,21.6,61.9,53.4,24.6,18.5,3.4,,4.51,27.0
Serven, Brian,661531,2022,0.332,0.259,84.5,12.5,32.9,2.7,4.1,26.7,24,33.6,8.2,29.5,96.245205139,72.7,21.1,36.9,38.9,61.1,50.8,73.5,6.2,78.9,49.2,43.2,27.2,54.5,39.7,37.7,22.6,64.4,45.2,18.5,26,10.3,,4.52,26.5
Varsho, Daulton,662139,2022,0.443,0.301,87.7,14.9,33.6,10.2,8.4,16.8,26,30.3,7.1,35.6,99.211725904,69.1,20.6,30.5,36.5,61.5,48,78.1,6.9,78.2,52,43.9,25.2,50.6,50.9,32.1,17,62.8,42.7,29.8,19.6,7.9,,4.28,28.0
Nootbaar, Lars,663457,2022,0.448,0.340,91.7,10.7,30.4,12.1,4.9,22.3,23.2,33.5,4,46,101.790400273,58.5,19,20.9,35.3,62,51.5,60.8,7.3,80.5,48.5,44.1,23.5,39.2,43.8,34.4,21.9,61.7,46,25,23.7,5.4,,4.28,28.2
Nevin, Tyler,663527,2022,0.261,0.299,87.3,17.7,34.2,3.5,5.3,26.3,32.5,25.4,6.1,37.7,98.356865263,69,18.5,23.7,49.5,50.5,51.6,81.3,8.1,81.5,48.4,43.1,26.8,45.6,36,33.3,30.7,56,39.5,28.1,25.4,7,,4.75,25.6
Hoerner, Nico,663538,2022,0.410,0.327,87.2,10.7,32.6,2.6,4.7,26.3,24.4,35.9,4,33.5,97.678971875,65.2,7.3,33.7,27.1,71.9,50.9,68.9,7.5,92.6,49.1,42.7,14.2,49.2,33.6,35.2,31.2,64.7,46.5,24.2,23.5,5.9,12,4.28,29.1
Riley, Austin,663586,2022,0.528,0.349,92.5,12.9,37.7,15.7,8.4,20.2,22.8,29.7,2.9,50.8,104.398300222,75.3,18.7,30.1,47.8,52.2,52.6,84.5,7.1,81.3,47.4,41.4,27.6,51.5,39.2,36.4,24.4,63.2,39,28.8,26.2,6,,4.5,27.8
Madrigal, Nick,663611,2022,0.282,0.303,85.9,-0.2,26.6,0,1.6,23.9,16.3,51.1,4.3,24.6,94.969870795,59.7,6.2,28.5,19.3,80.7,49.1,72.6,7.3,93.4,50.9,45.2,10.3,44.5,26.1,45.1,28.8,66.2,62.5,9.8,23.9,3.8,,4.37,27.4
Larnach, Trevor,663616,2022,0.406,0.306,90.1,13.1,36.2,11.4,10.5,20,23.8,32.4,1.9,43.8,101.431611321,59.5,26.7,25.1,69.5,30.5,52.2,64.6,6.6,73.3,47.8,42.5,40.2,41.6,38.1,36.2,25.7,60.3,41.9,36.2,18.1,3.8,,4.48,27.0
Mountcastle, Ryan,663624,2022,0.423,0.305,91.3,15.9,39.5,15,4.7,27,24.3,26.5,1.7,46.3,101.941494208,79.1,22,37.8,42.9,57.1,55.5,90.9,6.1,78,44.5,41.3,29.8,56.2,32.1,37.5,30.4,63.3,37.3,32.1,25.7,4.9,,4.51,27.5
McKenna, Ryan,663630,2022,0.340,0.291,86.7,15.4,37.5,9.6,3.8,22.1,26,30.8,6.7,30.1,97.3643112,72.3,26.8,28.8,60.3,38.5,45.5,82.2,7.6,72.8,54.5,42.8,35,52.6,40.4,31.7,27.9,70.2,43.3,25,25,6.7,10,4.2,29.4
Hayes, Ke'Bryan,663647,2022,0.345,0.314,91,5.2,30.6,3.9,6.2,27.5,21,38.4,1.8,46.8,102.263213822,61.3,10.7,27.1,41.3,58.7,52.6,69.9,7,89.3,47.4,42.4,20.7,43.3,26,40.5,33.5,58.6,49.6,17.7,27,5.7,,4.41,27.9
Tucker, Kyle,663656,2022,0.478,0.328,90,19,34.4,10.2,10.2,21.7,30.2,25.3,2.2,42.4,100.332560357,80.1,13.4,26.1,39.5,60.2,50.7,90.6,6.1,86.5,49.3,43.2,19.9,52.7,41.9,34.8,23.3,61.1,34.4,37.7,22,6,,4.51,26.5
India, Jonathan,663697,2022,0.378,0.327,85.1,14.5,36,4.8,4.5,26.7,27.4,30.8,5.1,28.8,97.40599669,56.9,14.9,24.4,44.6,55,48,68.1,6.9,84.9,52,43.6,23.5,41.3,44.2,34.6,21.2,61.5,41.8,25.7,23.6,8.9,,4.46,27.7
Bart, Joey,663698,2022,0.364,0.296,87.3,16.3,32.2,10.1,6,30.9,20.1,22.1,10.1,43,101.289725342,63.4,29.1,31,56.1,42.8,50,65.5,7.2,70.4,50,43.6,38,47.2,51.7,24.8,23.5,67,44.3,24.2,22.1,9.4,,4.61,27.1
Raleigh, Cal,663728,2022,0.489,0.284,90.9,22.5,36,15.4,8.7,17.8,36.4,19.4,2.4,43.5,101.200073622,77.6,24.1,31.1,49.1,50.9,53.8,88,6.6,75.4,46.2,42.3,32.1,52.6,45.8,32,22.1,63.1,29.2,41.5,20.2,9.1,,4.57,26.8
Fortes, Nick,663743,2022,0.392,0.304,89.3,15.4,30.2,7,5.2,25,31.4,28.5,1.7,37.8,99.460571882,64.7,14.4,25.3,44,56,50.7,76.1,8.4,85.6,49.3,42.4,22.9,44.7,40.7,33.1,26.2,56.7,39.5,29.1,20.3,11,,4.48,27.9
Grisham, Trent,663757,2022,0.341,0.281,88.3,15.1,25.5,8.1,5.8,19,28.1,28.4,10.3,35.5,99.46593125,56,19.6,20.8,44.7,52.7,49.1,65,8,78.5,50.9,44.7,26.2,38.7,43.5,31.6,24.8,58.9,46.1,30,14.8,9,8,4.35,28.8
Vierling, Matt,663837,2022,0.351,0.297,91.2,12,35.2,5,7.7,29.9,24.5,31.8,1.1,47.1,101.211212846,59.9,12,28.3,36.5,63.5,48.4,67.5,8.3,86.9,51.6,41.7,19.5,44.6,28.4,42.5,29.1,64.7,41.4,23.4,27.6,7.7,19,4.34,29.6
Rivas III, Alfonso,663845,2022,0.307,0.321,86.9,4.9,34.7,4.2,3,29.3,19.8,32.3,10.2,35.3,98.449898395,62.1,15.7,22.5,54.3,44.9,50.8,75.9,7.2,84,49.2,42.6,26.2,42,32.3,38.3,29.3,60.6,52.1,19.2,26.3,2.4,,4.63,26.2
Stephenson, Tyler,663886,2022,0.482,0.372,87.1,11.1,46.3,6.6,7.4,29.8,19,33.1,4.1,34.7,97.521469508,61.9,17.6,25.2,50,50,49.9,80,7.5,82.4,50.1,45.5,27,43.6,46.3,34.7,19,64.5,40.5,18.2,36.4,5,,4.64,26.5
Rodgers, Brendan,663898,2022,0.408,0.325,90,4.6,31.3,7.2,5.6,26.2,17.9,39,3.5,45.9,101.127645047,72,15.4,27.3,41.6,58.4,50.5,82.4,7.2,84.6,49.5,42,22.7,49.4,27.4,38.5,34.1,61.1,52,19.7,25.5,2.8,,4.52,26.7
Lowe, Nathaniel,663993,2022,0.492,0.358,90.2,8.2,34.1,9.9,5.2,28,18.4,35,3.4,44.8,101.963916216,74.1,17.9,29.1,43.7,56,48.6,83.7,7.5,82.1,51.4,44.4,24.9,52.2,30.7,40.8,28.5,62.7,48.2,21.5,26,4.3,,4.39,27.1
Happ, Ian,664023,2022,0.440,0.342,89.7,10.9,29.2,6.5,6.5,24.1,23.8,35.3,2.8,40.4,100.312408396,71.7,20.5,26.6,44.6,55.4,50.5,83.4,7.6,79.5,49.5,45.2,27.2,49,40,34.6,25.5,57.7,47.4,24.8,22,5.8,,4.32,27.9
France, Ty,664034,2022,0.436,0.338,87.6,10.1,34.8,5.4,5,27.5,21.9,35.1,3.9,36.7,99.00236807,76,9.8,31.7,39.5,60.5,53.1,81.7,6.4,90.2,46.9,41.9,19.3,52.5,35.5,35.1,29.4,57.5,47.8,21.2,25.5,5.4,,4.88,24.7
Lowe, Brandon,664040,2022,0.383,0.308,89.4,16.6,35.4,10.3,4.6,20,30.9,29.1,5.1,38.9,99.918656897,77.9,23.6,29.9,57.8,42.2,51.3,87.1,6.2,75.9,48.7,43.3,33.5,53.3,38.3,39.4,22.3,61.7,38.3,26.3,24.6,10.9,,4.37,27.5
Bader, Harrison,664056,2022,0.356,0.294,83.4,16.7,28.4,3.4,5.6,24.1,31.9,26.3,8.6,26.3,96.180596034,64.6,10.7,34.5,39.6,59.1,55,60.5,6.8,88.1,45,40.6,22.1,48,34.5,46.1,19.4,59.1,41.4,25,20.7,12.9,17,4.27,29.1
Fletcher, David,664058,2022,0.333,0.285,82.1,15,41.1,0,0.5,32.2,30.7,29.7,6.4,7.4,91.09124866,60.3,6.8,32.5,25.5,74.5,43,69.8,8.6,92.8,57,44,12.2,48.4,33.2,33.2,33.7,61.4,37.1,20.3,31.7,10.9,,4.48,26.1
Haggerty, Sam,664059,2022,0.403,0.333,86,13.6,32.5,4,2.4,28.6,24.6,32.5,7.9,24.6,96.38917,71.8,21.5,27.3,44.1,52,50.7,89.2,8.8,75.8,49.3,44.2,27.9,49.3,43.7,32.5,23.8,67.7,46,20.6,24.6,8.7,6,4.33,28.9
Moore, Dylan,664238,2022,0.385,0.365,87.2,20.7,39.4,12.9,7.6,17.4,31.1,22.7,8.3,36.4,98.982847692,59.2,23,18.8,41.7,56.5,50.8,76.2,7.4,76.7,49.2,41.9,27.6,38.7,38.6,37.1,24.2,59.7,32.6,32.6,22,12.9,,4.4,28.3
Garlick, Kyle,664247,2022,0.433,0.284,90.2,15.1,36.9,9.7,8.7,23.3,23.3,32,2.9,47.6,101.399865577,64.4,24.7,33.6,54.4,45.6,51,81.6,6.3,75.3,49,46,35.2,48.7,47.6,29.1,23.3,63,41.7,29.1,22.3,6.8,,4.68,26.6
Lopez, Alejo,664670,2022,0.331,0.314,83.8,9.3,37.9,0.8,4.8,25,25,38.7,3.2,20.2,94.42221,72.4,11.2,29.2,28.6,71.4,50.4,76.9,9.1,88.8,49.6,43.1,16.3,50.6,35.5,34.7,29.8,60.6,47.6,18.5,30.6,3.2,,4.4,26.6
Straw, Myles,664702,2022,0.273,0.290,87,9.8,34.1,0.7,4.8,25.1,28.6,35.9,4.4,26.5,95.486124533,57.9,8.1,19.6,28.4,71.6,45.6,69.1,9.3,91.7,54.4,41.9,12.6,40.5,24,39.4,36.6,62.2,47.6,22.5,26.2,3.7,50,4.14,29.3
Isbel, Kyle,664728,2022,0.340,0.263,89.7,10.6,30.4,4.9,7.1,23.4,25,32.6,6.5,44.6,100.466422667,65.1,14.9,28.2,37.7,61,50.9,77.5,6.6,84,49.1,45.3,21.9,46.3,47.3,32.6,20.1,59,44,20.1,25.5,10.3,1,4.34,28.0
Higgins, P.J.,664731,2022,0.383,0.306,86,8.7,34.7,3.4,4.1,25.9,23.8,35.4,6.1,25.5,95.709141571,61.9,15,25.7,53.7,45.5,52.2,71.7,6.7,84.6,47.8,44.6,27.3,43.1,34.7,35.4,29.9,62,44.9,21.1,27.2,6.8,,4.51,26.4
Bohm, Alec,664761,2022,0.398,0.315,90.2,10.4,37.7,6.8,6,29.8,21.6,33.3,2.5,43,100.649873374,72.1,16.1,31.3,31.9,68.1,51.4,80,7.8,83.9,48.6,43.6,21.1,51.2,30.2,39.1,30.7,62.7,46.3,21,27.2,5.6,,4.59,27.1
Wade Jr., LaMonte,664774,2022,0.359,0.303,87.7,21.1,33.7,9.5,5.9,19.5,33.7,26,5.3,34.3,98.05927131,67.2,11.5,23.7,34.7,62.8,51.5,79,6.3,87.6,48.5,45.1,17.8,44.8,38.5,39.1,22.5,56.6,34.3,38.5,17.8,9.5,,4.67,26.0
Zavala, Seby,664874,2022,0.382,0.341,88.8,22.7,41.2,9.2,6.7,26.1,35.3,17.6,4.2,37,98.11221069,77.3,26.6,31.7,62.1,37.9,52.2,84.5,8.1,73.4,47.8,42.6,37.6,53.5,39.5,30.3,30.3,67.3,29.4,33.6,29.4,7.6,,4.72,25.8
Brown, Seth,664913,2022,0.444,0.305,89.2,15.8,34.9,13,5.4,23.4,29.6,24.8,3.7,41.4,101.723429266,69.7,18,29.1,54.5,45.2,52.6,77.1,7.1,81.5,47.4,42.6,29.6,48.3,40.3,36.1,23.7,61.2,36.6,30.4,24.5,8.5,,4.51,27.9
McCarthy, Jake,664983,2022,0.427,0.339,87.4,8,32.5,4.8,3.2,25.3,20.5,37.8,8.4,33.7,98.235931513,74.6,19.3,29.8,49.4,48.9,47.9,88.2,7.4,78,52.1,42.5,27.4,53.1,34.9,41,24.1,65.5,51.8,21.7,23.3,3.2,71,4.21,30.1
Walsh, Jared,665120,2022,0.374,0.269,90.1,10.7,34,9.5,6,24.6,22.5,33.3,4.2,42.5,100.931193759,65.9,20.5,30.8,44.4,55.3,47.8,75.2,8.3,79.2,52.2,43.8,27.6,49.1,37.9,39.6,22.5,61,46.3,24.2,23.5,6,,4.55,25.9
Pena, Jeremy,665161,2022,0.426,0.287,88.1,8.7,32.9,9.7,5.4,25,19.9,33.7,5.9,36.7,99.803563646,75.2,15.3,37.9,54.7,45.3,53.5,83.3,6.6,83.6,46.5,41.1,29.7,55.2,42.6,33.2,24.2,68.5,47.7,22.4,25.3,4.6,37,4.28,29.4
Celestino, Gilberto,665482,2022,0.302,0.311,87.3,-1.9,27.1,2.5,4.2,22.9,15.7,47,6.8,34.3,98.33701431,65.7,17.2,21.8,43.2,56.8,48.3,69.1,7.9,82.6,51.7,43.3,23.4,44.5,28.4,34.3,37.3,60.2,60.6,14.4,22,3,1,4.5,27.9
Guerrero Jr., Vladimir,665489,2022,0.480,0.339,92.8,4.3,27.9,11.2,6.8,20.2,17.1,41.6,2.1,50.4,105.507038582,71.5,16.3,30.5,41.3,58.7,53,81.2,6.5,83.7,47,41.9,24.4,49.7,37.8,39.9,22.2,59.3,52.3,17.1,24.5,6.1,,4.56,26.6
Pache, Cristian,665506,2022,0.241,0.215,89.4,3.8,25.3,3.4,3.4,25.9,16.1,44.8,5.7,40.8,100.207713059,73.5,20.1,27.4,57.6,39.2,49.8,78.1,7,77.6,50.2,42.8,30.2,50.5,42.5,39.1,18.4,69.6,58,16.7,19.5,5.7,,4.39,28.6
Soto, Juan,665742,2022,0.452,0.401,91,9.1,28.5,12.4,7.2,18.2,22.2,36,4,47.4,102.236934112,56.3,13.6,17.2,35.2,64,53.2,72.4,6.7,86,46.8,41.2,19.2,35.5,33.6,42.1,24.3,53.9,47.4,27.1,19.2,6.3,,4.39,26.6
Taveras, Leody,665750,2022,0.366,0.308,89.3,12,28.7,4.3,3,27.4,28.3,32.2,4.3,36.1,99.307027387,68.1,17.7,31.7,48.6,48.1,52,84.1,6.9,79.9,48,43.2,28.1,49.2,34.3,39.1,26.5,65.4,44.8,22.6,24.3,8.3,31,4.21,29.5
Cabrera, Oswaldo,665828,2022,0.429,0.310,86.8,21.5,41.1,6.3,8.9,26.8,37.5,17,3.6,34.8,97.586874909,72.7,17.7,33.9,44.9,53.5,52.4,85.9,8.9,82.3,47.6,42.6,26.9,52.4,34.8,38.4,26.8,62,30.4,36.6,25,8,,4.47,27.5
Cruz, Oneil,665833,2022,0.450,0.294,91.9,8.3,30.6,15.5,2.9,18.4,20.4,39.3,2.9,46.1,104.662067282,52.9,20.3,30.5,56.5,43.5,55.3,62.5,5.5,79.7,44.7,44.6,35.4,40.5,41.3,37.9,20.9,55.6,49.5,22.8,21.4,6.3,52,4.2,29.9
Chisholm Jr., Jazz,665862,2022,0.535,0.324,90.4,15.5,37.3,16.7,4.7,25.3,23.3,26.7,2.7,46.7,100.669336216,67.6,24.5,27,51.2,46.5,50.3,75.9,6.1,74.6,49.7,44.3,32.1,47.2,48.7,30,21.3,59.3,39.3,34.7,20.7,5.3,12,4.18,29.2
Gimenez, Andres,665926,2022,0.466,0.368,87.8,11.7,31.3,6.2,6.5,25.6,20.7,32.4,8.5,37.8,99.022592,70.9,18.4,38.3,38.9,59.4,52.9,70.4,6.9,79.6,47.1,41.5,26.2,53.7,37.8,40.4,21.8,63.5,48.2,19.4,24.4,8,44,4.14,29.3
Kirilloff, Alex,666135,2022,0.361,0.288,89.3,6.1,28.2,6.4,5.5,23.6,20,41.8,2.7,45.5,99.634929455,71.4,14.9,30,31.9,68.1,51,83,7.7,85.1,49,42.5,20.1,50.3,31.8,37.3,30.9,52.6,55.5,26.4,15.5,2.7,,4.32,27.6
Lowe, Josh,666139,2022,0.343,0.283,88.3,11.4,47.4,5.2,10.3,22.4,27.6,30.2,4.3,37.1,98.497331034,66.7,29.2,25.1,41.9,58.1,49.2,84.7,6.9,70.5,50.8,39.6,32.6,46.2,29.3,41.4,29.3,62.1,36.2,29.3,31,3.4,8,4.21,28.8
Lux, Gavin,666158,2022,0.399,0.346,88,6.8,34,6.1,6.1,24,20.4,39.8,3.3,39.8,98.887037439,62.4,15.3,23.8,43.3,56.7,51.1,78.3,7.8,84.7,48.9,43.7,23.3,42.6,37.7,40.1,22.2,58.2,49.5,21.9,24,4.6,4,4.19,28.9
Adell, Jo,666176,2022,0.373,0.263,87.4,16.7,33.3,9.9,3.1,22.8,27.8,30.9,5.6,37.7,99.589186914,70.1,30.3,34.6,48.1,51.9,51.1,73.3,7.7,69.7,48.9,41.5,36.3,52,45.7,31.5,22.8,62.9,40.7,22.8,25.3,11.1,27,4.31,29.8
Bichette, Bo,666182,2022,0.469,0.333,91.9,8.5,33.3,9.6,7.2,27.1,17.2,35.5,2.4,50.3,102.743171296,77.6,14.8,35.2,40.3,59.7,51.1,84.5,7.4,85.2,48.9,42.7,23,55.9,29.3,35.9,34.9,66.1,49.1,22,24.6,4.2,,4.5,27.5
Carlson, Dylan,666185,2022,0.380,0.316,86.1,12.9,35.7,4.4,7.3,22.2,29.8,30.7,5,27.2,96.293953036,67.7,20.4,24.8,39.8,59.8,50.2,83.3,7.9,79.3,49.8,45,25.6,46.2,34.8,38,27.2,56.5,43,27.5,25.1,4.4,,4.32,28.1
Morel, Christopher,666624,2022,0.433,0.306,89.6,9.1,30,13.4,5.7,22.3,16.6,34,6.5,40.3,101.819951356,72,33.6,28.6,50.2,48.9,50.5,85.5,8,65.2,49.5,43.4,38.3,50.1,39.3,42.9,17.8,68.7,51,24.3,18.2,6.5,6,4.38,28.8
Castro, Rodolfo,666801,2022,0.427,0.299,87.3,11.7,25.6,6.7,7.2,20,21.7,38.3,5.6,35,99.31755,67.7,23.9,27.5,53.8,46.2,50.3,79.5,7,75.9,49.7,43.8,32.6,47.5,38.9,36.7,24.4,57.8,51.1,24.4,17.2,7.2,,4.45,27.3
Dalbec, Bobby,666915,2022,0.369,0.283,90.3,15.2,32,11.8,6.4,22.2,28.6,28.1,2.5,45.8,101.246531881,66.3,24.4,29,56.4,43.6,53.1,77.8,6.7,75.6,46.9,42.4,35,46.5,35.5,38.4,26.1,61.8,38.9,33.5,21.2,6.4,,4.49,28.3
Garcia, Adolis,666969,2022,0.456,0.300,92.1,13.2,36.9,12.9,9.3,22.9,22.9,28.7,2.8,47.4,102.368780141,73.5,26.6,37.3,44.6,55.4,55.3,76.2,6.6,73.4,44.7,41.2,33.5,53.5,39.3,37.9,22.9,62.9,41.1,25,24.5,9.3,12,4.35,27.9
Gurriel Jr., Lourdes,666971,2022,0.400,0.343,90.6,10.9,34.7,3.8,8.9,30.9,21.8,32.3,2.4,45.7,100.376795914,68.4,14.3,29.6,37.1,62.9,50.8,72.7,7.5,85.6,49.2,42.9,21.3,48.7,35.5,36.8,27.7,65,45.7,22,26.3,5.9,,4.44,27.3
Arozarena, Randy,668227,2022,0.445,0.327,89.9,8.8,28.2,7.9,5.8,20.1,22.7,40.5,2.5,41,101.17822,64.1,21.3,30.8,41.5,58.5,54.1,74.4,6.8,78.5,45.9,42.3,28.6,46.1,32.4,44.2,23.4,60.5,50.2,19.7,20.8,9.3,13,4.27,28.8
Pratto, Nick,668472,2022,0.386,0.269,86,19.7,34.4,12.5,7.3,18.8,32.3,20.8,8.3,36.5,98.384692128,65.1,24,26.2,59.6,40.4,50.4,73,8,76,49.6,44.1,34.4,45.5,43.8,30.2,26,58.8,33.3,40.6,17.7,8.3,,4.4,27.2
Bleday, JJ,668709,2022,0.309,0.277,86.3,25,37.4,8.6,5,20.9,44.6,14.4,6.5,33.8,97.363228429,71.1,21.3,24.2,45.7,54.3,51.9,81.8,6.4,77.8,48.1,41.9,27.9,46.7,49.6,32.4,18,60.9,25.2,38.1,25.2,11.5,,4.41,27.8
Baddoo, Akil,668731,2022,0.269,0.289,85,14.2,29.9,3.6,2.2,21.9,32.1,32.1,7.3,27,96.42330597,70.6,19.3,26.7,48.1,50.4,53.6,82.4,8.1,79.3,46.4,44.5,28.1,47.1,34.3,35,30.7,54.7,42.3,24.8,21.2,11.7,5,4.12,28.9
Mitchell, Cal,668751,2022,0.349,0.284,89.9,7.5,34,4.9,5.6,27.2,21.6,36.4,4.3,40.7,99.042591235,69,15.5,32.2,50,50,50.4,73,7.4,83.8,49.6,42.2,26.6,50.5,45.7,31.5,22.8,64.2,46.3,21.6,30.2,1.9,,4.71,26.1
Knizner, Andrew,668800,2022,0.300,0.300,86,15.6,28.6,3.5,3.5,26.1,29.6,31.7,5.5,33.2,97.694226667,65.4,14.5,32.9,38.2,61.3,51.2,68.2,6,85.2,48.8,44.7,22.7,48.8,36.7,39.7,23.6,65.9,45.7,23.6,17.6,13.1,,4.69,25.8
Reynolds, Bryan,668804,2022,0.461,0.345,90.2,12,35.5,7.9,6,24.8,25.8,31.5,4,42.9,100.882578564,72.9,15.8,31.5,51,49,54.3,84.8,6.6,84.1,45.7,43.4,27.7,50.4,39.2,37.5,23.3,62.6,43.7,27.8,24.6,4,1,4.34,28.3
Rutschman, Adley,668939,2022,0.445,0.362,87.9,15.6,35.6,7.9,6.7,25.4,27.3,27.9,4.8,36.8,99.028130823,61.1,11.5,23.1,32.3,67.7,54.1,74.4,6.4,88.5,45.9,41.8,17.9,40.5,39,40,21,53.4,40,26.7,25.1,8.3,,4.4,27.2
Rojas, Josh,668942,2022,0.391,0.345,88.8,11.9,33.5,4.5,4.8,27.3,26.5,31.3,5.4,36.1,98.050444128,62.6,16.3,19.9,40.2,58.3,50.5,78.1,7.4,83.5,49.5,42.9,22.2,41,32.7,36.1,31.3,58.4,43.9,26.2,26.2,3.7,,4.37,27.3
Melendez Jr., MJ,669004,2022,0.393,0.313,90.7,15.1,31,10.4,6.8,23.2,27.1,29.2,2.7,43.5,100.595888323,66,20.7,24.1,46.3,53.7,51,77.4,7.7,79.3,49,41.4,27.8,44.6,43.5,33.6,22.9,55.8,39.6,32.7,20.8,6.8,,4.21,27.8
Marsh, Brandon,669016,2022,0.384,0.293,89.2,10.9,40.8,7.4,7,29.8,21,30.1,4.8,38.2,99.629003534,64.6,22.1,31.8,42.8,55.8,50.9,77,7.5,77.7,49.1,43.1,29.1,47.9,30.1,43.8,26.1,60.7,43.4,27.9,26.1,2.6,6,4.27,28.9
Langeliers, Shea,669127,2022,0.430,0.261,87.3,16.9,42.9,9.9,6.6,19.8,29.7,27.5,6.6,38.5,99.086486739,73.4,32.1,35.4,64.4,35.6,50.4,83.7,7.4,67.9,49.6,44.4,42.7,54.2,54.9,30.8,14.3,57.5,37.4,24.2,25.3,13.2,,4.49,28.7
Murphy, Sean,669221,2022,0.426,0.332,88.7,11.5,34.7,10.5,6.5,23.2,23.4,32.8,3.6,41.4,101.085158756,70.9,17.2,29.5,39,61,52.1,79.9,7.8,82.8,47.9,44,24,49.3,39.7,36.6,23.7,62.5,42.1,23.4,27,7.4,,4.62,26.1
Senzel, Nick,669222,2022,0.306,0.288,87.2,11.7,35,3.3,5,27.7,24.7,33.3,5.3,33.9,97.72590723,68.2,14.7,27.7,38.3,61.2,50.9,79.5,8,85.3,49.1,40.8,21.8,47.7,38,36.3,25.7,66.9,46.3,24.3,23.7,5.7,2,4.41,28.7
Edman, Tommy,669242,2022,0.400,0.324,88.6,8.7,31.6,6.2,5.1,25.6,20.7,37.2,4.5,37.8,98.931648319,64,11.8,30.6,38.3,60.9,51,69.1,6.4,87.8,49,44.6,20.6,47,37.8,38.7,23.5,61.4,49.4,20.5,23.5,6.6,12,4.25,28.8
Smith, Will,669257,2022,0.465,0.343,89.9,18.4,36.8,10.3,7.2,23.3,33.4,22.6,3.1,43,99.764565096,63.7,16.1,21.3,29.1,70.9,49.8,73.5,8.3,83.9,50.2,40.8,19.3,42.6,36.5,36.8,26.7,60,31.5,37.3,25.5,5.8,,4.5,27.5
Suwinski, Jack,669261,2022,0.411,0.298,88.3,14.3,26.3,12.2,7.5,19.7,25.8,28.6,5.6,40.4,100.221227453,61,20.4,24.5,56.9,43.1,48.8,75,7.1,79.4,51.2,44.3,30.5,43.2,43.7,34.7,21.6,61.8,43.2,31.9,16,8.9,3,4.32,28.7
Espinal, Santiago,669289,2022,0.370,0.322,86.1,14.1,33.8,3.4,3.6,25.7,26.8,35.1,5.5,31.7,96.814213298,67.2,10.9,25.5,27.5,72.1,50.6,74.5,7.8,88.3,49.4,42.1,15.5,46.1,37.7,39,23.4,60.2,43.6,19.2,26.8,10.4,,4.38,27.0
Miranda, Jose,669304,2022,0.426,0.325,89.3,13.8,34.2,6.2,7.9,26.8,26.3,29.4,3.1,42.4,99.818973051,72.5,15,32.6,43.1,56.9,52.6,82.8,7.4,85,47.4,40.1,24.3,51.5,41.8,33.3,24.9,64.4,42.4,25.4,24,8.2,,4.61,26.2
Thompson, Bubba,669352,2022,0.312,0.298,84.8,5.3,21.6,1.7,4.3,15.5,23.3,38.8,16.4,21.6,95.6266222,79,25.4,38.4,44.4,51.6,49.9,88.1,6.5,68.8,50.1,45,31.6,58.7,32.8,47.4,19.8,65.2,58.6,19,14.7,7.8,44,4.16,30.4
Gorman, Nolan,669357,2022,0.420,0.300,89.2,20,46.7,14.4,11.7,24.4,29.4,16.7,3.3,43.3,100.703871333,74.9,25.6,31.1,52.5,47.1,54.4,86.1,6,74,45.6,42.7,34.5,51.1,38.9,37.8,23.3,65.5,27.2,38.3,27.8,6.7,,4.38,26.9
Hiura, Keston,669374,2022,0.449,0.316,91.7,16.1,41.1,15.3,11.3,22.6,22.6,24.2,3.2,45.2,103.00306629,70.3,32.4,29,57.6,41.3,51.7,82.7,6.5,67.6,48.3,44,40.1,49,37.9,41.1,21,65.8,36.3,33.9,24.2,5.6,,4.62,27.5
Burger, Jake,669394,2022,0.458,0.301,90.7,12.3,33.3,14.9,6.1,16.7,26.3,28.9,5.3,43,102.65301125,73.1,23.1,36.7,57.1,42.9,53.1,89.7,8.5,76.9,46.9,41.1,35.4,53.8,40.4,37.7,21.9,67.6,43,30.7,21.1,5.3,,4.5,27.8
Allen, Nick,669397,2022,0.291,0.252,83.9,7.6,26,1.2,3.3,24,23.1,39.7,8.7,22.3,94.329041897,73.8,13.6,32.2,43.5,53.8,50,76.7,7.8,84.5,50,43.1,22.7,53,27.3,34.3,38.4,66.9,53.7,19.8,20.7,5.8,,4.42,27.7
Hummel, Cooper,669450,2022,0.307,0.274,87.6,7.7,30.1,7.1,7.1,23.9,22.1,33.6,4.4,35.4,99.536416429,61.7,18.4,18.7,59.5,40.5,48.4,65.6,7.8,81.6,51.6,43.6,27.5,40.9,41.6,38.9,19.5,58.7,47.8,24.8,20.4,7.1,,4.31,28.8
Smith, Josh H.,669701,2022,0.249,0.304,87,19.2,34.5,2.4,5.4,27.4,35.1,24.4,5.4,28.6,96.124871098,61.3,17.5,21.1,40.5,55.9,50.2,67.1,7.8,81.9,49.8,45.7,23.4,41.1,36.3,38.7,25,59.3,36.3,26.2,25.6,11.9,,4.32,28.2
Hays, Austin,669720,2022,0.413,0.306,87.7,11.3,32.3,5.2,7.1,23.3,25.5,35.1,3.3,37.7,98.997922429,67.8,12.5,36.2,41.8,58,53.2,75.6,6.2,87.5,46.8,42.2,23.5,51,40.8,36.3,22.9,65.3,43.6,22.4,23.6,10.4,,4.36,27.8
Lopez, Nicky,670032,2022,0.273,0.275,84.9,4.9,31.3,1.6,2.9,25,20.6,40.9,9.1,22.9,94.94043827,67.7,12.7,30,28,70.1,49.4,79.7,7.3,86.3,50.6,44.3,17.3,49.1,26.3,42.4,31.3,62.1,55.2,15.4,24.7,4.7,,4.24,27.7
Alvarez, Yordan,670541,2022,0.613,0.406,95.2,12.3,40.7,21,7.5,23.2,18.1,29.1,0.8,59.8,105.676985081,63.7,12.4,24.8,47.3,52.7,54,76.6,6.6,87.4,46,40.9,23.4,42.7,39.1,38.8,22.1,54.4,39.9,30.5,27,2.7,,4.53,26.4
Paredes, Isaac,670623,2022,0.435,0.304,87.4,15.8,27.4,6.4,6.4,19.2,32,31.6,4.1,38.7,98.355538496,60.8,11,20.4,31.6,68.4,51.9,70.6,7.4,89,48.1,43,16.5,39.8,49.2,31.6,19.2,55.1,42.1,28.2,17.7,12,,4.75,26.2
Brosseau, Mike,670712,2022,0.418,0.344,89.1,14.6,34.4,8.6,9.7,28,23.7,28,2.2,41.9,98.509374894,66.6,27.6,27.9,39.2,60.8,50.7,74,7.3,72.4,49.3,46.1,31.1,46.9,35.5,39.8,24.7,51.9,40.9,34.4,22.6,2.2,,4.49,27.7
Walls, Taylor,670764,2022,0.285,0.266,86.3,16.6,32.6,6.2,4.8,20.6,33,30.6,4.5,28.5,96.121545455,64.9,20,19.8,44.2,55.2,48.5,77.6,7.8,78.9,51.5,44,25.4,43,33.7,36.1,30.2,59.4,37.8,26.8,26.8,8.6,5,4.23,28.7
Gonzalez, Luis,670768,2022,0.360,0.323,86.9,10.9,27,2.9,7.5,21.6,27.4,31.1,9.5,32,97.698676404,67.9,15.6,26,41.8,55.6,49.4,85.5,8.4,82,50.6,42.7,22.7,47.2,29,36.1,34.9,56.7,47.3,27,20.3,5.4,,4.25,28.2
Friedl Jr., TJ,670770,2022,0.436,0.314,87.2,19.8,30.9,4.7,6.8,20.4,36.1,23.6,8.4,29.8,97.321634111,63.2,12.4,23.8,39.5,60.5,50.1,71.6,7.4,85,49.9,43.4,19.9,43.5,44.5,31.4,24.1,57.8,35.1,32.5,20.4,12,,4.26,28.2
Garcia, Luis,671277,2022,0.408,0.294,87.3,5.5,37.4,7.5,7.1,27,14.6,38.8,5,36.7,98.963627429,67.5,19.1,40.8,38.9,60.8,52.4,78.8,6.4,80.5,47.6,41.4,27,53.5,34.5,38.8,26.7,70.2,52.3,20.3,25.6,1.8,,4.28,27.0
Harris II, Michael,671739,2022,0.514,0.338,89.5,4.5,32.8,10.1,6.8,20.8,12.7,41.9,7.5,45.1,102.581692941,67.2,15.7,39,47.5,52.5,52.5,80.5,7.1,83.7,47.5,43.7,28.1,52.4,32.1,43.5,24.4,55.3,55.8,17.9,22.4,3.9,47,4.22,29.4
Kelenic, Jarred,672284,2022,0.313,0.221,86,18,27.2,13.6,5.8,13.6,34,26.2,6.8,35,99.0507575,67.6,27,28.1,49.5,50.5,48.4,76.1,6.6,72.5,51.6,46.1,33.3,48.5,27.2,47.6,25.2,58.6,36.9,31.1,16.5,15.5,1,4.39,27.2
Kirk, Alejandro,672386,2022,0.415,0.372,90.5,8.1,32,6.7,6.5,27.2,20.2,35.3,3.8,45.4,101.053304663,59.6,10.7,23.3,27,73,51.3,70.4,6.9,89.3,48.7,41.5,15.4,41,32.2,38.9,28.8,59.7,50,20.4,24.5,5,,4.89,24.1
Perdomo, Geraldo,672695,2022,0.262,0.278,85,12.1,28.1,2,2,25.4,25.1,33.6,10.8,25.1,95.305189236,59.4,13.3,21.5,33.5,64.2,47.8,71.6,8.2,83.7,52.2,43.1,18.3,41.3,38,39.5,22.5,61.4,50.6,19.9,21.1,8.5,,4.48,27.2
Marcano, Tucupita,672779,2022,0.306,0.249,84.7,11.1,30.3,1.6,6.6,18.9,29.5,33.6,9.8,17.2,94.100557069,64.3,11.4,25.6,46.9,50.6,47,70.2,7,86.5,53,46.6,20.6,46.1,41.8,34.4,23.8,64.4,47.5,23.8,20.5,8.2,,4.27,28.8
Robert, Luis,673357,2022,0.426,0.319,89.3,10,32.6,8.9,4.9,27.3,22.4,32.9,3.6,42.8,101.454212895,83.5,17.4,43.1,42.8,57.2,54.6,90.7,5.6,82.6,45.4,43,27.1,61.5,34.2,37.8,28,67.3,45.1,23,26.3,5.6,8,4.38,27.9
Kim, Ha-Seong,673490,2022,0.383,0.323,86.7,16.1,34,4.2,6.1,24.8,28.5,29.5,6.1,32.4,97.647567656,60.3,14.1,24.9,32.3,66.7,48,72.1,8.4,85.8,52,43,19.1,43.3,45.3,35.4,19.3,62,40.8,22.9,25.9,10.4,1,4.39,28.4
Suzuki, Seiya,673548,2022,0.433,0.336,89.6,11.2,36.9,11,5.5,22.4,26.2,31,2.4,41.3,100.244268881,56.8,15.9,21.3,41.6,58.4,49.8,66.7,7,84.1,50.2,43.9,22.8,39,28.3,38.6,33.1,60.3,40.7,25.5,27.2,6.6,2,4.33,28.3
Smith, Kevin,675656,2022,0.302,0.212,87,16.4,32.4,7.8,5.9,16.7,32.4,31.4,5.9,33.3,98.087369388,70.7,20,35.2,50.5,48.5,49.8,68.2,7.8,78,50.2,42.4,30.1,53,32.4,40.2,27.5,63.6,43.1,32.4,16.7,7.8,,4.48,27.6
Velazquez, Nelson,676369,2022,0.373,0.286,89.2,12.3,35,13.3,9.2,17.5,24.2,29.2,4.2,43.6,100.265489661,74.2,28.7,23.6,59.6,40.4,52.8,87.3,6.9,70.3,47.2,42.6,36.2,47.4,39.2,40.8,20,65,43.3,29.2,20,7.5,,4.43,28.2
Clement, Ernie,676391,2022,0.209,0.240,85,11.8,27.1,3.6,3.6,21.4,28.6,38.6,4.3,25.7,94.798252206,63.4,13.1,34.9,21.7,78.3,48.3,56.3,7.6,86.4,51.7,46.9,16,49.6,30.7,40.7,28.6,62.6,47.1,28.6,18.6,5.7,,4.32,28.2
Barrero, Jose,676480,2022,0.206,0.195,87.5,17.7,33.7,2.2,6.7,22.5,34.8,25.8,6.7,35.2,98.193362727,76.1,21.7,40.2,64.3,34.3,53.5,77.8,8.1,77.4,46.5,41.7,38.5,57.4,40.4,37.1,22.5,73.6,40.4,29.2,21.3,9,,4.49,27.9
Meyers, Jake,676694,2022,0.313,0.269,87.3,7.2,30.9,5.2,5.2,25.8,15.5,41.2,6.2,37.1,98.54444,65.7,22.9,30.4,48,52,51.8,70.6,8,77.1,48.2,39.7,31.2,47.4,42.3,39.2,18.6,63.1,53.6,16.5,25.8,4.1,1,4.35,28.9
McCormick, Chas,676801,2022,0.407,0.332,88.1,12.8,33.5,10.2,4.7,22.8,26.4,30.7,5.1,39,98.903106371,69.7,25.1,29.6,47,52.2,53.2,78.6,7.4,74.1,46.8,41.7,32.2,48.4,29.5,39.8,30.7,57.5,44.1,31.9,22,2,5,4.27,28.7
Franco, Wander,677551,2022,0.417,0.328,87.3,8.2,35.1,4.6,4.9,28.1,23.5,34.4,4.6,35.8,98.428767413,73.1,7.5,30.1,26.9,73.1,50.7,85.9,7,92.5,49.3,45.4,13.3,51.3,32.6,39.6,27.7,60.3,44.2,18.2,29.1,8.4,1,4.29,27.8
Rodriguez, Julio,677594,2022,0.509,0.345,92,10.1,32.7,13.1,8.4,19.3,19.1,36.5,2.5,50.7,103.718795769,70.5,19.9,33.5,48.6,51.4,54.8,78.2,6.4,80.1,45.2,44,30.4,50.2,39.2,37.6,23.2,65.1,46.3,24,22.3,7.4,75,4.24,29.8
Duran, Ezequiel,677649,2022,0.365,0.277,85.9,9.5,24.7,4.5,6.5,18.2,24,42.2,3.2,31.8,97.9242875,72.5,22.1,39,41.3,56.8,50.3,80,7.6,76.5,49.7,44.2,28.9,55.7,39.6,29.9,30.5,70.5,50,12.3,20.8,16.9,7,4.34,29.1
Thomas, Alek,677950,2022,0.344,0.275,87.4,2.6,27.9,3.8,6.4,21.5,17.6,47.1,2.2,34.6,98.660118182,63.8,18.2,33.4,38.9,60.7,48.2,75.2,6.8,81.6,51.8,43,25,49.2,32.1,39.1,28.8,64.7,57.7,15.7,21.8,4.8,11,4.13,29.4
Witt Jr., Bobby,677951,2022,0.428,0.294,89.7,16.8,32.5,8.7,4.6,23.6,34.3,26.2,2.2,38.6,100.836506783,70.4,17.9,34.6,38.9,61.1,52,78.1,7.6,82.1,48,43.2,25.2,51.8,33.2,39.3,27.5,64.1,36.2,33.4,22.6,7.8,107,4.13,30.4
Torkelson, Spencer,679529,2022,0.319,0.285,90.5,15,35.4,8.4,8,22.1,27.8,32.7,0.8,41.8,100.743731756,67,17.9,24.7,46.5,53.5,49.8,80.1,8.8,82.1,50.2,42.9,25.6,45.9,39.2,34.2,26.6,58.4,40.7,25.9,25.9,7.6,,4.54,27.8
Kwan, Steven,680757,2022,0.400,0.371,85.1,11.8,34.6,1.4,2.6,29.1,29.5,32.6,4.3,20.8,94.219058287,55.1,5.5,20.2,19.2,79.6,48.7,64.2,8.1,93.7,51.3,42,9,38.1,28.3,37.7,34,59,42.6,23.6,27.9,5.9,17,4.16,28.4
Duran, Jarren,680776,2022,0.363,0.283,89.3,7.6,27.5,7.7,5.6,22.5,19,38,7,38,99.170221176,68.9,17.1,31.5,51.8,47.5,50.7,90.8,7.4,82.6,49.3,45.1,28.2,49.9,30.3,43,26.8,60.5,54.2,24.6,16.9,4.2,14,4.13,29.2
Jeffers, Ryan,680777,2022,0.363,0.284,88.2,18.2,35.8,13.2,11.9,15.9,25.2,23.2,9.9,42.4,101.152073919,66.8,16.9,25.9,37.1,62.9,50.4,80,7.4,82.8,49.6,42.3,22.6,46.2,38.4,35.1,26.5,66.9,37.7,33.8,21.9,6.6,,4.73,26.0
Miller, Owen,680911,2022,0.351,0.301,85.8,10.1,35,3.5,5.6,24.7,27.9,32.6,5.3,31.2,97.306117941,62.4,11.8,34.7,29.5,70.5,52.1,65.3,7.8,88.2,47.9,42.5,18.5,48,34.1,40.6,25.3,63.6,43.8,22.9,26.8,6.5,17,4.3,29.0
Donovan, Brendan,680977,2022,0.379,0.393,87.7,6,32.7,3.4,4.9,28.7,17.9,40.7,4,37.7,98.14258882,55.7,9,21.3,32.1,66.5,51.3,65.2,8,90.4,48.7,42.3,15.6,38.1,32.4,37.3,30.2,56.7,54.3,19.1,24.4,2.2,1,4.38,27.2
Stott, Bryson,681082,2022,0.358,0.294,88.1,13.1,29.4,4.4,4.4,26.5,26.8,33.2,4.4,36.8,97.97018994,60.8,13.3,28.1,26.2,73.8,48.5,75.7,7.7,86.1,51.5,46.4,17.2,45,32.6,35.6,31.8,61.8,46.5,23.5,21.2,8.8,18,4.21,29.1
Bride, Jonah,681146,2022,0.247,0.299,86.9,11.5,31.8,1.5,9.1,21.2,25,36.4,6.8,31.1,96.774698182,47.3,10.9,25,28.4,71.6,51.2,53.3,7.5,89.1,48.8,41.9,17.1,35.9,40.2,36.4,23.5,55.6,46.2,21.2,26.5,6.1,,4.52,26.9
Villar, David,681584,2022,0.455,0.331,86.8,17.8,33.3,9.1,2,21.2,36.4,25.3,6.1,36.4,97.5144976,67.1,26.5,20.6,73,27,49.2,81.5,7.4,73.5,50.8,43.4,37.2,44.2,36.4,44.4,19.2,69.1,38.4,40.4,19.2,2,,4.59,26.7
Abrams, CJ,682928,2022,0.324,0.278,86.5,6.8,28.6,2.1,4.2,23.1,23.1,39.9,6.3,30.7,97.184953739,72.9,15.2,41.2,34.8,64.3,49.9,80,6.9,83.7,50.1,43.4,22.3,57,32.8,39.9,27.3,65.9,52.5,21,18.5,8,24,4.21,29.0
Greene, Riley,682985,2022,0.362,0.321,89.5,2.8,32,9.3,5,25.9,13.9,41.3,3.9,45.2,102.14516814,64.5,17.8,27.5,42.6,57.4,51.7,73.9,6.9,82.2,48.3,41.4,25.6,45.3,33.6,40.2,26.3,61.2,56.8,19.3,22.4,1.5,,4.29,27.7
Vaughn, Andrew,683734,2022,0.429,0.321,90.8,7.5,34.1,7.9,10,22.4,17.9,37.2,2.9,48.6,101.162950291,61.4,12.2,32.8,37.3,62.7,50.2,66,6.8,87.8,49.8,43.9,21,47,31,39.4,29.6,62,48,22.2,25.1,4.8,,4.71,26.2
Pasquantino, Vinnie,686469,2022,0.450,0.383,91.2,12.1,34.1,8.8,7.5,26.5,24.3,30.5,1.8,46.9,101.197336607,68,9,26.4,29.7,70.3,52.8,79.5,7.5,90.4,47.2,42.2,15.3,46,39.8,38.5,21.7,61.1,40.7,25.2,29.2,4.9,,4.73,25.6
Massey, Michael,686681,2022,0.376,0.304,89.3,16.4,35.1,13,4.6,21.4,24.4,26.7,9.2,38.2,99.036690645,73.5,22.3,35.6,39.1,59.4,50.1,86.8,7.4,75.4,49.9,42.4,27.8,54.5,50.4,31.3,18.3,63.9,38.9,31.3,22.9,6.9,,4.47,27.1
Grissom, Vaughn,687093,2022,0.440,0.353,84.6,9,35.2,7.4,2.8,28.7,19.4,34.3,7.4,34.3,97.006606667,70.7,15.7,34.7,43.9,56.1,52.4,88.9,6.1,83.8,47.6,41.7,25.6,51.9,44.4,31.5,24.1,69.7,44.4,24.1,27.8,3.7,,4.47,27.7